Rank,Popularity_Rank,Project_ID,Title,Cost_CHF,Total_Utility,Support_Count,Mean_Score,MES_Rho,MES_Winner,Greedy_Winner,Method_Agreement,Unified_Explanation_DE,Unified_Explanation_EN,Qualitative_Rationale_DE,Qualitative_Rationale_EN,Algorithmic_Rationale_DE,Algorithmic_Rationale_EN,Vote_Ja,Vote_EherJa,Vote_EherNein,Vote_Nein,supporter_budget_at_consideration,Efficiency
1,1,095,Laternenumzug,3800,10,6,1.143,380.0,Yes,Yes,Agree,"Der Laternenumzug wurde von 6 von 7 Personen unterstützt und zeigt damit sehr deutlich, wie stark die Idee einer gemeinsamen, kreativen und offenen Nachbarschaft mit Kultur im öffentlichen Raum in der Gemeinschaft verankert ist. Viele schätzten besonders, dass hier Menschen verschiedensten Alters und Hintergründen zusammenkommen können – ein kleines, kostengünstiges Projekt mit grosser Wirkung für Gemeinschaftsgefühl und Austausch.","The lantern parade was supported by 6 out of 7 people, clearly showing how strongly the idea of a shared, creative and open neighbourhood with culture in public space resonated with the community. Many especially appreciated that it brings together people of different ages and backgrounds – a small, low-cost project with a big impact on community spirit and exchange.","Das Projekt 'Laternenumzug' (095) stoesst auf eine sehr hohe, nahezu einhellige Zustimmung: 6 von 7 Personen unterstuetzen es. Die Kommentare heben besonders den kulturellen Wert in der Oeffentlichkeit, die Foerderung einer starken Gemeinschaft, den Mut zur Ueberraschung sowie die Moeglichkeit des Erfahrens, Erlebens, Anregens und Lernens hervor. Gelobt wird zudem, dass das Angebot unterschiedliche Personen zusammenbringt und durch das kreative Laternebauen wie auch den gemeinsamen Umzug Austausch und Gemeinschaftsgefuehl schafft. Positiv erwaehnt werden das stimmige, plausibel wirkende Budget und die Qualitaet des Projekts als 'klein aber fein'. Eine Stimme regt an, das Projekt in Zukunft groesser aufzuziehen und weist auf eine gewisse Einschraenkung bei der Unterstuetzung durch eine Einzelperson hin, ohne die insgesamt sehr positive Gesamtbewertung in Frage zu stellen.","The project 'Laternenumzug' (095) enjoys very high, nearly unanimous support: 6 out of 7 people back it. Comments particularly emphasize its cultural value in public space, the strengthening of community, encouragement of surprise and curiosity, and the potential for experiencing, inspiring, and learning. It is praised for bringing together diverse participants and fostering exchange and a sense of togetherness through creative lantern-making and the joint parade. The budget is viewed as coherent and plausible, and the project is described as 'small but fine'. One respondent suggests expanding the project in the future and notes some limitations due to it being run by an individual, but this does not undermine the overall very positive assessment.",Ergebnis für 'Laternenumzug' (095): Das Projekt wurde vom MES finanziert. Es war kostengünstig und effizient (Wert: 380.00).,Outcome for 'Laternenumzug' (095): The project was funded by MES. It was affordable and efficient (Value: 380.00).,4,2,0,1,3800.0,380.0
2,5,056,ANTE,5000,8,5,0.714,625.0,Yes,Yes,Agree,"ANTE hat mit 5 von 7 Stimmen eine sehr starke Unterstützung in der Gruppe erhalten, weil die Menschen besonders die verbindende Kraft der Musik, den offenen Austausch und das kleine, überschaubare Festivalformat im Freien geschätzt haben. Trotz einzelner kritischer Stimmen zur Professionalität und Finanzierung konnte das Projekt viele überzeugen und wurde als kostengünstig, effizient und bewusstes Gegenmodell zu grossen Festivals gern vom MAS finanziert.","ANTE received very strong support from the group with 5 out of 7 votes, as people especially appreciated the connecting power of music, the open exchange, and the small, manageable open-air festival format. Despite some critical remarks about its professional setup and funding, the project convinced many voters and, as a low-cost, efficient and deliberate counterpoint to large festivals, was happily funded by the MAS.","Das Projekt 'ANTE' (056) stoesst mit 5 von 7 Stimmen auf eine sehr hohe, nahezu einhellige Zustimmung. Die quantitative Bewertung (Mittelwert 0.71) bestaetigt dieses insgesamt positive Bild. In den Kommentaren werden vor allem die starke Gemeinschaft durch Austausch, Kultur im oeffentlichen Raum, das Erfahren, Erleben, Anregen und Lernen sowie die Offenheit fuer unterschiedliche Personengruppen hervorgehoben. Besonders positiv betont werden die verbindende Kraft von Musik, das Angebot im Freien und das kleine, ueberschaubare Format, das auch fuer Menschen geeignet ist, die grosse Menschenmengen meiden. Zudem wird der bewusste Gegenakzent zu grossen Festivals und die Angemessenheit des Budgets gelobt. Vereinzelt gibt es Kritik, dass das Projekt sehr professionell wirkt und bereits viele Sponsoren hat, mit der Empfehlung, eine Unterstuetzung gegebenenfalls leicht zu reduzieren. Insgesamt ueberwiegt jedoch klar die starke Zustimmung und Wertschaetzung fuer das Projekt.","The project 'ANTE' (056) enjoys very high, nearly unanimous support, with 5 out of 7 voters in favor. The quantitative rating (mean score 0.71) confirms this overall positive picture. Comments highlight the strong sense of community through exchange, culture in public space, opportunities to experience, learn and be inspired, and inclusivity for diverse groups of people. Particularly positive aspects include the unifying power of music, the outdoor setting, and the small, intimate scale, which makes it accessible for people who are uncomfortable in large crowds. The project is also praised for consciously positioning itself as a counterpoint to large festivals and for having an appropriate budget. There is some isolated criticism that the project appears very professional with many sponsors, along with a suggestion to reduce potential funding slightly. Overall, however, the strong approval and appreciation for the project clearly prevails.",Ergebnis für 'ANTE' (056): Das Projekt wurde vom MAS finanziert. Es war kostengünstig und effizient (Wert: 625.00).,Outcome for 'ANTE' (056): The project was funded by MES. It was affordable and efficient (Value: 625.00).,3,2,1,1,5000.0,625.0
3,6,019,Winterthur Unplugged Festival,5500,8,5,0.714,687.5,Yes,No,Disagree,"Das Winterthur Unplugged Festival hat mit 5 von 7 Stimmen deutlich gezeigt, dass es in der Community gut verankert ist und besonders durch Mut zur Überraschung, Lernerfahrungen und Kultur für eine vielfältige Besucherschaft überzeugt. Trotz einzelner kritischer Fragen – etwa zur Zahl der Eintritte oder der Abgrenzung zu ähnlichen Formaten – hat das Projekt viele Menschen begeistert, nicht zuletzt dank seines inklusiven Ansatzes mit Vergünstigungen und Begleitperson sowie seines sehr guten Preis-Leistungs-Verhältnisses.","The Winterthur Unplugged Festival clearly resonated with the community, receiving strong support from 5 out of 7 voters and standing out for its courage to surprise, its focus on experience and learning, and its commitment to cultural diversity. Despite some open questions – for example about the number of entries or its distinction from similar formats – the project inspired many voters, not least because of its inclusive approach with reduced tickets and companion options, and its very good cost-effectiveness.","Das Projekt 'Winterthur Unplugged Festival' stoesst mit 5 von 7 Stimmen auf eine sehr hohe, beinahe einhellige Zustimmung. Positiv hervorgehoben werden der Mut zur Ueberraschung, das Erfahren, Erleben, Anregen und Lernen sowie der klare Bezug zur kulturellen Teilhabe einer vielfaeltigen Bevoelkerung. Besonders gewuerdigt wird die Inklusionsarbeit, etwa durch eine Inklusions-Beauftragte sowie ermaessigte Eintritte und Begleitpersonenregelung. Einzelne kritische Anmerkungen betreffen die relativ geringe Anzahl von nur 150 Eintritten und den Eindruck, dass es bereits viele aehnliche Unplugged-Konzerte gibt und das Projekt im Umfeld von SubRock verortet ist. Im direkten Vergleich wird ein aehnliches Projekt (ANTE) teilweise als ueberzeugender empfunden, doch insgesamt bleibt die Haltung gegenueber dem Festival klar positiv.","The project 'Winterthur Unplugged Festival' receives very high, nearly unanimous support, with 5 out of 7 voters in favor. Voters highlight its openness to surprise, its focus on experiencing, stimulating and learning, and its strong link to cultural participation for a diverse public. The inclusion efforts are especially appreciated, such as having an inclusion officer and offering reduced tickets and companion access. Critical remarks focus on the relatively small number of around 150 admissions and the perception that there are already many similar unplugged concerts and that the project is part of SubRock. In direct comparison, a similar project (ANTE) is seen as somewhat more convincing by some, but overall the sentiment towards the festival remains clearly positive.","Das Projekt ""Winterthur Unplugged Festival"" (019) wurde vom MES finanziert. Es war kostengünstig und effizient (Wert: 687.50).","The project ""Winterthur Unplugged Festival"" (019) was funded by MES. It was affordable and efficient (Value: 687.50).",3,2,1,1,5500.0,687.5
4,4,126,Kulturbegleitung OnThur,20000,8,4,0.833,2701.5,Yes,Yes,Agree,"Kulturbegleitung OnThur fand mit 4 von 7 Stimmen deutlichen Rückhalt in der Gruppe und überzeugte viele mit seinem mutigen, stärkenden Ansatz für gelebte Inklusion. Trotz einzelner Fragen zu Zugänglichkeit für Kinder und Jugendliche sowie zur Höhe des Beitrags zeigte das Projekt, dass Kultur für unterschiedliche Menschen erfahrbar gemacht werden kann und darum eine starke Unterstützung verdient.","Kulturbegleitung OnThur received solid backing from the group, with 4 out of 7 people supporting it, and impressed many with its courageous, empowering approach to lived inclusion. Despite some open questions about access for children and young people and about the size of the grant, the project clearly showed how culture can be made accessible to diverse people and therefore earned strong support.","Das Projekt 'Kulturbegleitung OnThur' stösst mit 4 von 7 Stimmen auf eine klar positive, mehrheitlich zustimmende Resonanz. Die Kommentare betonen den mutigen und stärkenden Charakter des Angebots sowie den Beitrag zur gelebten Inklusion. Kritische Hinweise betreffen vor allem die eingeschränkte Teilnahmemöglichkeit für Kinder und Jugendliche, die zeitliche Ausrichtung auf Abendveranstaltungen sowie die als hoch empfundene beantragte Summe von 20'000 Franken für eine grössere Institution. Insgesamt überwiegt jedoch die positive Grundhaltung gegenüber dem Projekt deutlich.","The project 'Kulturbegleitung OnThur' receives clearly positive, majority support, with 4 out of 7 voters in favor. Comments highlight the project as courageous and empowering and emphasize its contribution to lived inclusion. Critical remarks focus mainly on limited participation options for children and young people, the scheduling primarily in the evening, and the perception that the requested amount of 20,000 francs is relatively high for a larger institution. Overall, the positive attitude toward the project clearly predominates.",Outcome für 'Kulturbegleitung OnThur' (126): Das Projekt wurde durch MES finanziert. Es war erschwinglich und effizient (Wert: 2701.50).,Outcome for 'Kulturbegleitung OnThur' (126): The project was funded by MES. It was affordable and efficient (Value: 2701.50).,4,0,1,1,20000.0,2500.0
5,2,129,"""Vitodura zu Besuch"" - Szenischer Vortrag (Arbeitstitel)",8000,7,6,0.857,1999.7499999999998,Yes,Yes,Agree,"Mit 6 von 7 Stimmen hat das Projekt ""Vitodura zu Besuch"" deutlich gezeigt, wie stark es in der Gemeinschaft verankert ist und wie sehr die Idee eines szenischen Vortrags die Menschen berührt. Trotz einzelner Fragen – etwa zur Praesenz in der Oeffentlichkeit und zum Budget – hat das Projekt viele ueberzeugt, gerade weil es ein bestehendes Angebot sinnvoll erweitert und so noch mehr Menschen Zugang zu Wissen, Austausch und gemeinschaftlichen Erlebnissen ermoeglicht.","With 6 out of 7 votes, the project ""Vitodura zu Besuch"" clearly showed how strongly it resonated within the community and how much the idea of a scenic lecture touched people. Despite a few open questions – for example about its public presence and the budget – the project convinced many, especially because it meaningfully expands an existing offer and thus gives even more people access to knowledge, exchange, and shared experiences.","Das Projekt stösst auf sehr hohe, nahezu einhellige Zustimmung (6 von 7 Stimmen). Die Förderkriterien werden als gut erfüllt bewertet, insbesondere im Hinblick auf Gemeinschaft, Austausch und kulturelle Vielfalt. Positiv hervorgehoben wird, dass durch die Erweiterung eines bestehenden Projekts mehr Menschen Zugang zu den Inhalten erhalten. Leichte Vorbehalte betreffen primär den Aspekt «Kultur in der Öffentlichkeit», der bereits anderweitig stattfinde, sowie eine budgetäre Kürzung um 20 % aufgrund des guten Geschäftsergebnisses 2025 – grundsätzlich wird das Budget aber als in Ordnung angesehen.","The project enjoys very high, nearly unanimous support (6 out of 7 votes). The funding criteria are seen as well met, especially regarding community building, exchange, and cultural diversity. It is viewed positively that expanding an existing project will give more people access to the content. Minor reservations concern mainly the aspect of ‘culture in public spaces’, which is considered to be addressed elsewhere, as well as a proposed 20% budget reduction due to the good 2025 financial result – overall, however, the budget is regarded as acceptable.","Das Projekt ""Vitodura zu Besuch"" - szenischer Vortrag (Arbeitstitel) wurde von MES gefoerdert. Es war kostenguenstig und effizient mit einem Projektwert von 1'999.75.","The project ""Vitodura zu Besuch"" - staged lecture (working title) was funded by MES. It was affordable and efficient with a project value of 1,999.75.",1,5,1,0,8000.0,1142.86
6,7,040,15 Jahre Theater Ariane – wir feiern einen Begegnungsort,10000,6,5,0.571,4061.25,Yes,No,Disagree,"Das Projekt „15 Jahre Theater Ariane – wir feiern einen Begegnungsort“ fand mit 5 von 7 Stimmen grossen Rückhalt in der Community, weil es Menschen nach der Vorstellung bewusst in den Austausch bringt und so eine starke, vielfältige Gemeinschaft fördert. Trotz einzelner offenen Fragen, etwa zu Einnahmen, konnte die Idee eines lebendigen Begegnungsortes viele überzeugen und wurde deshalb kostengünstig und wirkungsvoll durch MES ermöglicht.","The project “15 Years of Theater Ariane – celebrating a place of encounter” received strong support from the community, with 5 out of 7 people backing it, because it brings actors and audience into conversation after the performance and fosters a strong, diverse community. Despite a few open questions, such as around potential income, the idea of a vibrant meeting place convinced many voters and was therefore realized in a cost‑efficient and impactful way through MES.","Das Projekt „15 Jahre Theater Ariane – wir feiern einen Begegnungsort“ stoesst mit 5 von 7 Stimmen auf eine sehr hohe, nahezu geschlossene Zustimmung. Die Kommentare betonen besonders den Begegnungs- und Austauschcharakter: Nach der Vorstellung kommen Schauspielende und Publikum ins Gespraech, was als bereichernd und ungewoehnlich positiv hervorgehoben wird. Inhaltlich wird die starke Gemeinschaft, der Mut zur Ueberraschung, das gemeinsame Erfahren und Lernen sowie Kultur fuer eine vielfaeltige Bevoelkerung gewuerdigt. Die Story wird als gut und neugierig machend beschrieben. Kritisch hinterfragt wird vor allem die Finanzplanung (fehlende Einnahmen, moeglicherweise Reduktion der Unterstuetzung um 20 %), insgesamt wird das Budget aber als plausibel und der beantragte Beitrag als anstaendig beurteilt. Insgesamt ist die Stimmung deutlich positiv mit sehr hoher inhaltlicher und gemeinschaftsbezogener Wertschaetzung bei leichten Bedenken zur Finanzierung.","The project “15 Years of Theater Ariane – We Celebrate a Place of Encounter” receives very high, nearly unanimous support with 5 out of 7 votes. Comments particularly emphasize the value of encounter and exchange: after the performance, actors and audience engage in dialogue, which is seen as enriching and unusually positive. Substantively, the project is praised for fostering a strong sense of community, openness to surprise, shared experiences and learning, and culture that is accessible to a diverse population. The story is considered good and piques curiosity. Critical feedback focuses mainly on the financial plan (no apparent income, suggestion to reduce funding by 20%), while the overall budget is still viewed as plausible and the requested amount as reasonable. Overall, the sentiment is clearly positive, with very high appreciation of the content and community impact, alongside minor concerns about financing.",Das Projekt „15 Jahre Theater Ariane – wir feiern einen Begegnungsort“ (040) wurde durch MES finanziert. Es war kostengünstig und effizient (Wert: 4061.25).,The project '15 Years of Theater Ariane – we celebrate a place of encounter' (040) was funded by MES. It was affordable and efficient (value: 4061.25).,1,4,2,0,10000.0,1666.67
7,8,045,Don't be Cool – be Warm!,20000,7,4,0.5,,No,No,Agree,"Mit 4 von 7 Stimmen hat das Projekt spürbar Anklang gefunden und viele Menschen begeistert, weil es auf herzliche Weise Begegnung, Inklusion und gemeinsames Lernen in der Öffentlichkeit fördert. Trotz seiner vielen Unterstützerinnen und Unterstützer konnte das Projekt diesmal aufgrund des begrenzten Gesamtbudgets und anderer Prioritäten leider nicht realisiert werden.","With 4 out of 7 votes, the project clearly resonated and inspired many people by fostering warm encounters, inclusion, and shared learning in public spaces. Despite its many supporters, the project unfortunately could not be realized this time due to the limited overall budget and other priorities.","Das Projekt erhält mit 4 von 7 Stimmen eine solide, mehrheitlich positive Unterstützung. Die Rückmeldungen betonen, dass alle Punkte des Förderkompasses abgedeckt werden: Kultur in der Öffentlichkeit, Stärkung der Gemeinschaft durch Austausch, Mut zur Überraschung sowie Erfahren, Erleben, Anregen und Lernen. Besonders hervorgehoben werden Inklusion, Vielfalt und das Zusammenbringen von Menschen, die gemeinsam Selbstwirksamkeit erleben. Insgesamt wird das Projekt als sehr bereichernd und horizonterweiternd wahrgenommen und zählt für einzelne Personen sogar zu ihren persönlichen Favoriten.","With 4 out of 7 votes, the project receives solid, clearly positive majority support. Feedback highlights that it addresses all key points of the funding compass: culture in public spaces, strengthening community through exchange, openness to surprise, as well as experiencing, inspiring, and learning. Inclusion, diversity, and bringing people together to experience a sense of agency are particularly emphasized. Overall, the project is seen as enriching and horizon-broadening, and for some individuals it even ranks among their personal favorites.","Ergebnis für «Don't be Cool – be Warm!» (045): Das Projekt wurde vom MES nicht finanziert. Seine 4 Supporter hatten zusammen ein Budget von 11’939.00 CHF, was nicht ausreichte, um die 20’000 CHF zu decken.","Outcome for 'Don't be Cool – be Warm!' (045): The project was not funded by MES. Its 4 supporters had a combined budget of 11,939.00 CHF, which was not enough to cover the 20,000 CHF.",3,1,0,2,11939.0,2857.14
8,13,081,Die grösste Wandzeitung Winterthurs,7330,6,4,0.143,,No,No,Agree,"Das Projekt «Die groesste Wandzeitung Winterthurs» fand bei der Mehrheit der Beteiligten Anklang, weil es Kultur in die Oeffentlichkeit bringt, Austausch ermoeglicht und viele Menschen ganz niedrigschwellig zum Mitmachen einlaedt – gerade auch rund um die Musikfestwochen. Trotz seiner vielen Unterstuetzerinnen und Unterstuetzer konnte es dieses Mal leider aufgrund des begrenzten Gesamtbudgets und anderer Prioritaeten nicht realisiert werden.","The project “Die groesste Wandzeitung Winterthurs” resonated with most participants because it brings culture into public space, encourages exchange, and invites many people to take part in a very accessible way, especially during the music festival weeks. Despite its many supporters, the project unfortunately could not be realized this time due to the limited overall budget and other priorities.","Die Stimmung gegenueber dem Projekt ist insgesamt positiv, mit einer soliden Unterstuetzung von 4 von 7 Stimmen. Die Kommentare betonen den starken Bezug zum Foerderkompass: Kultur im oeffentlichen Raum, Gemeinschaftsbildung durch Austausch, Ueberraschung sowie Moeglichkeiten zum Erfahren, Erleben, Anregen und Lernen, und dies fuer eine vielfaeltige Bevoelkerung. Besonders hervorgehoben wird, dass das Angebot erweitert und zu einem niederschwelligen Mitmachformat wird, an dem alle vorbeigehenden Personen – insbesondere waehrend der Musikfestwochen – teilnehmen koennen. Gleichzeitig gibt es kritische Stimmen, die bemerken, dass nur ein Foerderschwerpunkt klar erfuellt sei und das Projekt eher als Kommunikationsplattform denn als klassisches Kulturprojekt erscheine. Trotz dieser Einwaende sticht das Projekt fuer einzelne als besonderer Favorit („coup de coeur“) hervor, was die insgesamt eher positive, engagierte Grundhaltung unterstreicht.","The overall sentiment toward the project is positive, with solid support from 4 out of 7 voters. Comments highlight a strong alignment with the funding guidelines: culture in public space, building community through exchange, a spirit of surprise, and opportunities to experience, stimulate, and learn, all aimed at a diverse public. In particular, the expansion into a low-threshold participatory format is praised, allowing passers-by – especially during the music festival weeks – to read and actively contribute. At the same time, there are critical views noting that only one funding focus is clearly met and that the project functions more as a communication platform than as a classic cultural project. Despite these reservations, for some it stands out as a particular favorite (“coup de coeur”), reinforcing an overall rather positive and engaged attitude toward the project.","Das Projekt ""Die groesste Wandzeitung Winterthurs"" (081) wurde nicht vom MES finanziert. Die 4 Unterstuetzer hatten zusammen ein Budget von 7160.00 CHF, was nicht ausreichte, um die Gesamtkosten von 7330.00 CHF zu decken.","The project ""Die groesste Wandzeitung Winterthurs"" (081) was not funded by MES. Its 4 supporters had a combined budget of 7,160.00 CHF, which was not enough to cover the total cost of 7,330.00 CHF.",2,2,1,2,7160.0,1221.67
9,10,094,Slamstörung – Poetry Slam x Mental Health,18300,6,5,0.429,,No,No,Agree,"Das Projekt 'Slamstörung – Poetry Slam x Mental Health' hat bei der Gruppe grossen Anklang gefunden: 5 von 7 Personen haben es unterstützt und besonders den offenen Austausch, die starke Gemeinschaft und den Zugang zu wichtigen Mental-Health-Themen über die Kunstform des Poetry Slams geschätzt. Trotz seiner vielen Unterstützerinnen und Unterstützer konnte das Projekt aufgrund des begrenzten Gesamtbudgets und anderer Prioritäten dieses Mal leider nicht realisiert werden.","The project 'Slamstörung – Poetry Slam x Mental Health' resonated strongly with the group: 5 out of 7 people supported it and especially valued the open exchange, the sense of community, and the accessible way of addressing important mental health topics through poetry slam. Despite its many supporters, the project unfortunately could not be realized this time due to the limited overall budget and other priorities.","Das Projekt stoesst mit 5 von 7 Stimmen auf sehr hohe, beinahe einhellige Zustimmung. Die Kommentierenden heben insbesondere die starke Gemeinschaft durch Austausch, den Mut zu Ueberraschungen, das Erfahren, Erleben, Anregen und Lernen sowie die kulturelle Offenheit fuer Personenvielfalt hervor. Positiv betont wird, dass wichtige mentale Gesundheitsthemen in zugänglicher Textform vermittelt werden und das Projekt als sinnvoll und wertvoll wahrgenommen wird. Kritisch angesprochen wird vor allem die finanzielle Barriere; es wird gewuenscht, dass die Teilnahme fuer alle Menschen finanziell moeglich sein sollte. Insgesamt ueberwiegt die klare, sehr positive Grundhaltung gegenueber dem Projekt, bei gleichzeitiger Sensibilitaet fuer Fragen der Zugänglichkeit und Finanzierung.","With 5 out of 7 votes, the project enjoys very high, almost unanimous support. Commenters particularly highlight the strong sense of community through exchange, the courage to surprise, opportunities to experience, learn and be inspired, as well as cultural openness to diverse participants. It is positively noted that important mental health topics are addressed in an accessible textual form, and the project is perceived as meaningful and valuable. The main point of criticism concerns the financial barrier; there is a wish that participation should be financially accessible to everyone. Overall, the sentiment is clearly and strongly positive, while also being attentive to issues of accessibility and funding.","Das Projekt 'Slamstörung – Poetry Slam x Mental Health' (094) wurde von MES nicht finanziert. Die 5 Unterstuetzerinnen und Unterstuetzer verfuegten zusammen ueber ein Budget von 13’694.00 CHF, was nicht ausreichte, um die 18’300.00 CHF zu decken.","'Slamstörung – Poetry Slam x Mental Health' (094) was not funded by MES. Its 5 supporters had a combined budget of 13,694.00 CHF, which was not enough to cover the 18,300.00 CHF required.",1,4,1,1,13694.0,3050.0
10,9,104,Kreativwerkstatt,30724,6,5,0.429,,No,No,Agree,"Die Kreativwerkstatt hat mit 5 von 7 Stimmen sehr grossen Anklang gefunden, weil sie einen offenen, niederschwelligen Ort für Austausch, gemeinsames Lernen und Kultur für viele unterschiedliche Menschen schaffen wollte – trotz kritischer Rückfragen etwa zu Personalaufwand und Einnahmen hat sie viele Votierende überzeugt. Trotz ihrer vielen Unterstützerinnen und Unterstützer konnte das Projekt dieses Mal aufgrund des begrenzten Gesamtbudgets und anderer Prioritäten leider nicht realisiert werden.","The Kreativwerkstatt resonated very strongly with the group, receiving support from 5 out of 7 voters who valued it as an open, low-threshold space for exchange, shared learning and culture for diverse people – it convinced many participants despite some critical questions about staffing and income. Despite its many supporters, the project unfortunately could not be realized this time due to the limited overall budget and other funding priorities.","Die quantitativen Daten zeigen eine sehr hohe Zustimmungsrate: 5 von 7 Abstimmenden unterstuetzen das Projekt, was auf eine nahezu einhellige positive Bewertung hinweist. Inhaltlich wird die Kreativwerkstatt als niederschwelliges, gut zugaengliches Jahresangebot mit grossem Mehrwert fuer die Oeffentlichkeit und die Gemeinschaft wahrgenommen. Besonders betont werden Kultur in der Oeffentlichkeit, der Austausch als Staerkung der Gemeinschaft, Mut zur Ueberraschung sowie das Erfahren, Erleben, Anregen und Lernen. Positiv hervorgehoben wird auch, dass alle willkommen sind, Vielfalt angesprochen wird und ein professioneller, fachlich begleiteter Rahmen besteht. Kritisch angemerkt werden der hohe Personalaufwand (80 % bei einer Einzelperson) und offene Fragen zu den Einnahmen. Insgesamt ist die Stimmung jedoch klar positiv, mit sehr hoher Zustimmung zur inhaltlichen Ausrichtung und Wirkung des Projekts.","The quantitative data indicate a very high level of approval: 5 out of 7 voters support the project, which reflects an almost unanimous positive assessment. Substantively, the Kreativwerkstatt is perceived as a low-threshold, easily accessible year-long offer with strong added value for the public and the community. Commenters particularly emphasize culture in public space, exchange as a way to strengthen community, a willingness to embrace surprise, and opportunities to experience, discover, stimulate and learn. It is also positively noted that everyone is welcome, diversity is addressed, and the setting is professional and guided by trained staff. Critical remarks focus on the high staffing effort (80 % for a single person) and open questions regarding revenues. Overall, the sentiment is clearly positive, with very high approval of the project’s content orientation and impact.","Ergebnis für 'Kreativwerkstatt' (104): Das Projekt wurde nicht vom MES finanziert. Die 5 Unterstuetzer hatten zusammen ein Budget von 11'314.00 CHF, was nicht ausreichte, um die 30'724 CHF zu decken.","Outcome for 'Kreativwerkstatt' (104): The project was not funded by MES. Its 5 supporters had a combined budget of 11,314.00 CHF, which was not enough to cover 30,724 CHF.",1,4,1,1,11314.0,5120.67
11,11,012,Tanzfest Winterthur 2026,24000,5,4,0.286,,No,No,Agree,"Tanzfest Winterthur 2026 hat bei der Mehrheit der Abstimmenden spürbar Anklang gefunden, weil es Kultur in der Öffentlichkeit sichtbar macht, Menschen über Musik und Tanz verbindet und die Vielfalt der Stadtbevölkerung einbezieht – viele sahen darin ein lebendiges, offenes Fest für alle. Trotz seiner vielen Unterstützerinnen und Unterstützer konnte das Projekt dieses Mal aufgrund des begrenzten Gesamtbudgets und anderer Prioritäten leider nicht realisiert werden.","Tanzfest Winterthur 2026 clearly resonated with the majority of voters, as it brings culture into public spaces, connects people through music and dance, and embraces the city’s diversity – many saw it as a vibrant, open celebration for everyone. Despite its many supporters, the project unfortunately could not be realized this time due to the limited overall budget and other funding priorities.","Das Projekt 'Tanzfest Winterthur 2026' (012) verzeichnet mit 4 von 7 Stimmen eine klar mehrheitliche Unterstützung. Die Stimmung ist überwiegend positiv: In den Kommentaren wird betont, dass alle Punkte des Förderkompasses erfüllt werden – insbesondere Kultur in der Öffentlichkeit, der Aufbau einer starken Gemeinschaft durch Austausch, Mut zur Überraschung sowie das Erfahren, Erleben, Anregen und Lernen. Hervorgehoben wird zudem, dass Musik und Tanz Menschen aus aller Welt verbinden und die vielfältigen öffentlichen Darbietungen an verschiedenen Orten in Winterthur vielen Personen Zugang zur Kultur bieten und Personenvielfalt fördern. Vereinzelt wird kritisch auf das Budget hingewiesen (teils als schwer lesbar, teils als hoch wahrgenommen), allerdings wird gleichzeitig erwähnt, dass bereits professionelle Förderzusagen von Stadt, Kanton, Migros und Stiftungen bestehen. Insgesamt ist die Haltung klar positiv, mit hoher inhaltlicher Übereinstimmung zum Förderkompass und einigen punktuellen Fragen zur finanziellen Dimension.","The project 'Tanzfest Winterthur 2026' (012) receives clearly majority support, with 4 out of 7 voters in favor. Overall sentiment is predominantly positive: Comments underline that all key criteria of the funding compass are met – especially culture in public space, building a strong community through exchange, openness to surprises, and opportunities to experience, engage, inspire, and learn. It is emphasized that music and dance connect people from all over the world, and that the various public performances at different locations in Winterthur give many people access to culture and actively promote diversity. Some critical remarks concern the budget (partly described as hard to read, partly perceived as high), but it is also noted that there are already professional funding commitments from the city, canton, Migros, and foundations. Overall, the attitude is clearly positive, with strong alignment to the funding compass and only some isolated questions regarding the financial dimension.","Das Projekt ""Tanzfest Winterthur 2026"" (012) wurde von MES nicht gefoerdert. Die 4 Unterstuetzer hatten zusammen ein Budget von 11'313.00 CHF, was nicht ausreicht, um die beantragten 24'000.00 CHF zu decken.","The project ""Tanzfest Winterthur 2026"" (012) was not funded by MES. Its 4 supporters had a combined budget of 11,313.00 CHF, which is not enough to cover the requested 24,000.00 CHF.",1,3,3,0,11313.0,4800.0
12,14,033,"Tatort Töss – Ein interaktiver Kinderkrimi zum lesen, entdecken und ermitteln im Stadtraum Töss",14000,5,4,0.143,,No,No,Agree,"Tatort Töss hat bei der Abstimmung sichtbar Resonanz gefunden: 4 von 7 Personen stellten sich mit einem beachtlichen gemeinsamen Budget hinter die Idee eines interaktiven Kinderkrimis im öffentlichen Raum, der Lesen, Entdecken und gemeinsames Erleben von Familien fördert. Trotz dieser starken Unterstützung und vieler positive Rückmeldungen zu Kultur in der Öffentlichkeit, Lernen im Freien und Mut zur Überraschung konnte das Projekt aufgrund des begrenzten Gesamtbudgets und anderer Prioritäten dieses Mal leider nicht realisiert werden.","Tatort Töss clearly resonated in the voting: 4 out of 7 people stood behind the idea with a substantial combined budget, supporting this interactive children’s crime story in public space that encourages reading, exploring, and shared family experiences. Despite this strong backing and many positive reactions to its focus on public culture, outdoor learning, and an element of surprise, the project unfortunately could not be realized this time due to the limited total budget and other priorities.","Die Zustimmung zum Projekt ist mit 4 von 7 Stimmen mehrheitlich positiv. Inhaltlich wird besonders gelobt, dass das Angebot im öffentlichen Raum stattfindet, Familien gemeinsam ein Abenteuer erleben können und Kinder zum Lesen, Erkunden und aktiven Erfahren im Freien angeregt werden. Mehrere Kommentare betonen den Bezug zu den Förderkompass-Kriterien (Kultur in der Öffentlichkeit, Mut zur Überraschung, Erfahren/Erleben/Anregen/Lernen) sowie die bewusste Gegenposition zu Konsum und Medienpassivität. Kritisch angemerkt werden die relativ spezifische Zielgruppe (Stadtteil Töss, Kinder um 10 Jahre) und die Umsetzung durch eine Einzelperson. Insgesamt überwiegt jedoch die positive Einschätzung; das Budget wird als plausibel beurteilt und ein Beitrag des Kulturkomitees als existenziell für die Realisierung betrachtet.","Support for the project is predominantly positive, with 4 out of 7 voters in favor. Commenters particularly praise that the offer takes place in public space, allows families to experience an adventure together, and encourages children to read, explore, and actively engage outdoors. Several remarks highlight the strong alignment with the funding compass criteria (culture in public space, courage to surprise, experiencing/learning/engaging) and appreciate the deliberate contrast to consumerism and passive media use by children. Critical points mention the relatively specific target group (district of Töss, children around 10 years old) and the fact that it is run by an individual. Overall, the positive assessment clearly prevails; the budget is considered plausible and a contribution from the cultural committee is seen as essential for implementation.","Das Projekt «Tatort Töss – Ein interaktiver Kinderkrimi zum lesen, entdecken und ermitteln im Stadtraum Töss» (033) wurde von MES nicht finanziert. Die 4 Unterstuetzerinnen und Unterstuetzer verfuegten zusammen ueber ein Budget von 11’314.00 CHF und damit nicht genug, um die vorgesehenen 14’000 CHF zu decken.","The project “Tatort Töss – An interactive children’s crime story to read, explore and investigate in the urban space of Töss” (033) was not funded by MES. Its 4 supporters had a combined budget of 11,314.00 CHF, which was not sufficient to cover the planned 14,000 CHF.",1,3,2,1,11314.0,2800.0
13,12,112,Kulturnacht geht raus | Die Stadt ist unsere Bühne,20000,5,4,0.143,,No,No,Agree,"Das Projekt „Kulturnacht geht raus | Die Stadt ist unsere Bühne“ hat bei den Teilnehmenden klar Anklang gefunden: Eine Mehrheit der Abstimmenden sah darin einen wichtigen Beitrag zu Kultur im öffentlichen Raum, zugänglicher Vielfalt und Begegnung für alle Altersgruppen. Trotz dieser starken inhaltlichen Unterstützung konnte das Projekt aufgrund des begrenzten Gesamtbudgets und anderer Prioritäten dieses Mal leider nicht realisiert werden.","The project “Kulturnacht geht raus | Die Stadt ist unsere Bühne” clearly resonated with the participants: a majority of voters saw it as an important contribution to culture in public space, accessible diversity, and encounters across all age groups. Despite this strong substantive support, the project unfortunately could not be realized this time due to the limited overall budget and other funding priorities.","Die Abstimmung zeigt mit 4 von 7 Stimmen eine solide Mehrheit zugunsten des Projekts. Die Kommentare heben besonders den niederschwelligen Zugang zu Kultur im öffentlichen Raum, die Vielfalt der angesprochenen Zielgruppen (von jung bis alt) und den Beitrag zu Austausch, Überraschung und gemeinschaftlichem Erleben hervor. Das Projekt wird als wichtig für Kultur in der Öffentlichkeit und für das Erfahren, Erleben, Anregen und Lernen bewertet. Vereinzelte Vorbehalte beziehen sich vor allem auf das im Verhältnis hohe Budget und die Frage, ob durch bereits zugesagte Mittel von Stadt, Kanton und Stiftungen eine zusätzliche Förderung noch nötig ist. Insgesamt überwiegt jedoch die positive Einschätzung, insbesondere wegen der breiten, inklusiven Wirkung im öffentlichen Raum.","The vote result, with 4 out of 7 voters in favor, indicates a clear majority support for the project. Comments particularly emphasize the low-threshold access to culture in public space, the diversity of target groups reached (from young to old), and the project’s contribution to exchange, surprise, and communal experiences. The project is seen as important for culture in public spaces and for experiencing, learning, and stimulating engagement. Some reservations focus mainly on the relatively large budget and the question of whether additional funding is necessary given existing commitments from the city, canton, and foundations. Overall, however, the positive assessment predominates, especially due to the broad and inclusive impact in public space.","Das Projekt 'Kulturnacht geht raus | Die Stadt ist unsere Buehne' (112) wurde von MES nicht finanziert. Die 4 Unterstuetzer hatten zusammen ein Budget von 11313.00 CHF, was nicht ausreichte, um die notwendigen 20000 CHF zu decken.","The project 'Kulturnacht geht raus | Die Stadt ist unsere Bühne' (112) was not funded by MES. Its 4 supporters had a combined budget of 11,313.00 CHF, which was not enough to cover the required 20,000 CHF.",1,3,2,1,11313.0,4000.0
14,21,008,Clay connection - gemeinsam töpfern.,10400,4,3,-0.286,,No,No,Agree,"Das Projekt «Clay connection - gemeinsam töpfern.» hat bei fast der Hälfte der Gruppe Anklang gefunden, weil es Austausch, gemeinsames Erleben und Kultur für unterschiedliche Menschen verbindet – auch wenn einige fanden, dass es einem klassischen Töpferkurs nahekommt und eher einer kleineren Teilnehmendengruppe zugutekommt. Trotz seiner engagierten Unterstützerinnen und Unterstützer konnte das Projekt aufgrund des begrenzten Gesamtbudgets und anderer Prioritäten dieses Mal leider nicht umgesetzt werden.","The project “Clay connection - gemeinsam töpfern.” resonated with almost half of the group by fostering exchange, shared experiences, and culture for a diverse range of people, even though some felt it was close to a standard pottery course and mainly benefitted a smaller group of participants. Despite its committed supporters, the project unfortunately could not be realized this time due to the limited overall budget and other priorities.","Die Zustimmung fuer das Projekt liegt mit 3 von 7 Stimmen bei einem moderaten Unterstuetzungsverhaeltnis. Im Foerderkompass wird positiv hervorgehoben, dass durch das gemeinsame Toepfern eine starke Gemeinschaft gefoerdert wird, Menschen miteinander in Austausch kommen und ein Raum zum Erfahren, Erleben, Anregen und Lernen entsteht. Zudem wird der Beitrag zu Kultur fuer eine vielfaeltige Teilnehmendenschaft gesehen. Kritisch angemerkt wird, dass das Projekt als eher gewoehnlicher Toepferkurs wahrgenommen werden koennte, der in seiner Spezifitaet vor allem den direkt Teilnehmenden zugutekommt und ohne Ausstellung oder breitere Wirkung nach aussen bleibt. Insgesamt zeigt sich ein gemischtes Stimmungsbild: inhaltlich gute Passung zu den Foerderzielen Gemeinschaft, Erfahrung und Kulturvielfalt, aber Vorbehalte hinsichtlich Originalitaet und Reichweite des Projekts.","Support for the project is moderate, with 3 out of 7 voters in favor. In relation to the funding compass, comments emphasize positive aspects such as fostering a strong sense of community, enabling exchange between participants, and creating a space for experiencing, inspiring, and learning together. The project is also seen as contributing to culture for a diverse group of participants. Critical remarks suggest that the project might be perceived as little more than a regular pottery course, too specific in scope, mainly benefiting direct participants and lacking exhibitions or broader outreach. Overall, the sentiment is mixed: the project aligns well with the funding goals of community-building, experiential learning, and cultural diversity, but there are reservations about its originality and the breadth of its impact.","Das Projekt ""Clay connection - gemeinsam töpfern."" (008) wurde nicht vom MES finanziert. Die 3 Unterstuetzerinnen und Unterstuetzer verfuegten zusammen ueber ein Budget von 2779.25 CHF, was nicht ausreichte, um die beantragten 10400 CHF zu decken.","The project ""Clay connection - gemeinsam töpfern."" (008) was not funded by MES. Its 3 supporters had a combined budget of 2,779.25 CHF, which was not enough to cover the requested 10,400 CHF.",1,2,2,2,2779.25,2600.0
15,18,030,"rooting for me, for you",8000,4,4,-0.143,,No,No,Agree,"Das Projekt hat mit seinem nonverbalen, emotionalen Zugang viele der Beteiligten berührt und fand mit 4 von 7 Stimmen eine beachtliche Unterstützung, auch wenn Fragen zu Austauschformaten danach oder zu den Kosten offenblieben. Trotz seiner vielen Unterstützerinnen und Unterstützer konnte das Projekt dieses Mal leider aufgrund des begrenzten Gesamtbudgets und anderer Prioritäten nicht realisiert werden.","The project’s nonverbal and emotional approach resonated strongly with many in the group and received solid backing from 4 out of 7 people, even though some questions about follow-up exchange and costs remained. Despite its many supporters, the project unfortunately could not be realized this time due to the limited overall budget and other priorities.","Die quantitativen Daten zeigen mit 4 von 7 Stimmen eine eher wohlwollende bis knappe Mehrheit zugunsten des Projekts. Der mittlere Score von -0.14 deutet gleichzeitig auf eine gewisse Zurückhaltung oder Skepsis im Gesamtbild hin. Inhaltlich werden das Thema und die nonverbale Form der Performance als spannend und inklusiv wahrgenommen, insbesondere im Hinblick auf Emotion, Musik, Bewegung und die Ansprechbarkeit unterschiedlicher Altersgruppen und Personenvielfalt. Positiv hervorgehoben werden der Bezug zu Kultur in der Öffentlichkeit, Mut zur Überraschung sowie das Potenzial für Erfahrungs- und Lernprozesse. Kritisch angemerkt werden das Fehlen eines geplanten Austauschs nach der Performance sowie Fragen zur Ressourcenverwendung (Einzelperson/Einzeltänzerin, Lohnkosten, Eintrittssituation). Insgesamt ergibt sich ein Bild moderater Zustimmung mit inhaltlicher Wertschätzung, aber auch klar formulierten Bedenken hinsichtlich Konzeption und Budgetstruktur.","The quantitative data show a somewhat favorable but narrow majority for the project, with 4 out of 7 voters in support. The mean score of -0.14, however, indicates some overall reservation or skepticism. Substantively, the theme and the nonverbal format of the performance are viewed as interesting and inclusive, especially in terms of emotion, music, movement, and accessibility for different age groups and diverse audiences. Positive aspects mentioned include its alignment with culture in public space, openness to surprise, and its potential for experiential and learning-oriented engagement. Critical remarks focus on the lack of a planned post-performance exchange and concerns about resource allocation (solo artist, salary costs, and ticketing/entry considerations). Overall, the sentiment reflects moderate approval with clear appreciation of the artistic concept, alongside explicitly stated concerns about the project’s design and budget structure.","Resultat für «rooting for me, for you» (030): Das Projekt wurde vom MES nicht finanziert. Die 4 Unterstuetzer hatten zusammen ein Budget von 0.00 CHF und damit nicht genug, um die erforderlichen 8000 CHF zu decken.","Outcome for 'rooting for me, for you' (030): The project was not funded by MES. Its 4 supporters had a combined budget of 0.00 CHF, which was not enough to cover the required 8,000 CHF.",0,4,1,2,0.0,2000.0
16,17,031,Rampensau,15000,4,3,-0.143,,No,No,Agree,"Rampensau hat mit 3 von 7 Stimmen spürbare Unterstützung erhalten, insbesondere als mutige Startrampe für Newcomer-Künstler*innen, auch wenn einige Fragen zu Wertschätzung, Feedbackkultur und Kostenstruktur offenblieben. Trotz dieser klaren Resonanz in der Gruppe konnte das Projekt aufgrund des begrenzten Gesamtbudgets und anderer Prioritäten dieses Mal leider nicht realisiert werden.","Rampensau received tangible support from 3 out of 7 voters, especially as a bold launchpad for newcomer artists, even though some questions about appreciation, feedback culture, and cost structure remained. Despite this clear resonance in the group, the project unfortunately could not be realized this time due to the limited overall budget and other priorities.","Die Zustimmung zum Projekt ist mit 3 von 7 Stimmen moderat. Inhaltlich wird positiv hervorgehoben, dass das Projekt gut an den Förderkompass anknüpft (Mut zur Überraschung; Erfahren, Erleben, Anregen und Lernen) und als Startrampe für Newcomer-Künstlerinnen und -Künstler verstanden werden kann. Auch das Budget wird als plausibel und der beantragte Betrag als nachvollziehbar beschrieben. Kritisch hinterfragt wird, inwiefern tatsächlich ein wertvoller Austausch stattfindet, da Feedback nicht automatisch Austausch bedeutet. Zudem wird die Formulierung „Das war wirklich schwach, hahaha“ bei einem bestimmten Gefühlszustand als potenziell verletzend beurteilt; es besteht Sorge, ob der Rahmen für Auftretende immer sicher und wertschätzend ist. Eine Stimme findet das Projekt eher zu professionell/teuer im Verhältnis zu den Eintritten und regt gegebenenfalls eine Reduktion der Unterstützung an.","Support for the project is moderate, with 3 out of 7 votes. Substantively, it is viewed positively for aligning well with the funding compass (courage to surprise; experiencing, discovering, stimulating and learning) and for functioning as a launchpad for newcomer artists. The budget is seen as plausible and the requested amount as comprehensible. On the critical side, it is questioned to what extent the project truly enables meaningful exchange, since feedback is not automatically the same as dialogue. The phrasing “That was really weak, hahaha” for one emotional state is perceived as potentially hurtful; there are concerns about whether a consistently safe and appreciative environment is provided for performers. One comment also perceives the project as somewhat too professional/expensive relative to ticket income and suggests possibly reducing the level of support.","Ergebnis für «Rampensau» (031): Das Projekt wurde von MES nicht finanziert. Die 3 Unterstuetzer hatten zusammen ein Budget von 4534.25 CHF, was nicht ausreichte, um die erforderlichen 15000 CHF zu decken.","Outcome for 'Rampensau' (031): The project was not funded by MES. Its 3 supporters had a combined budget of 4,534.25 CHF, which was not enough to cover the required 15,000 CHF.",1,2,3,1,4534.25,3750.0
17,20,089,Winterthurer Druckwoche,15000,4,3,-0.286,,No,No,Agree,"Die Winterthurer Druckwoche hat bei 3 von 7 Personen Interesse und Unterstützung geweckt, besonders wegen der Möglichkeit, eine Drucktechnik vertieft kennenzulernen und einen Einblick ins Atelier zu erhalten, auch wenn einigen der Aspekt von öffentlicher Sichtbarkeit und Austausch noch etwas fehlte. Trotz dieser engagierten Unterstützung aus der Gruppe konnte das Projekt aufgrund des begrenzten Gesamtbudgets und anderer Prioritäten dieses Mal leider nicht realisiert werden.","The Winterthur Print Week gathered support from 3 out of 7 people, who appreciated the chance to dive deeper into printing techniques and gain insight into the studio, even though some missed a stronger focus on public visibility and exchange. Despite this committed backing from the group, the project unfortunately could not be realized this time due to the limited overall budget and other priorities.","Die quantitativen Daten zeigen mit 3 von 7 Stimmen eine moderate, aber klare Unterstützungsbasis für das Projekt. Der durchschnittliche Score von -0.29 weist auf eine eher verhaltene, tendenziell leicht kritische Gesamtbewertung hin. Inhaltlich wird positiv hervorgehoben, dass das Projekt Einblicke in eine professionelle Druckwerkstatt bietet, neue oder vertiefte technische Fähigkeiten vermittelt und als eines der wenigen verbliebenen Print-Projekte wahrgenommen wird, was es aus förderpolitischer Sicht interessant macht. Kritisch angemerkt wird, dass Aspekte wie „Mut zur Überraschung“, „Kultur in der Öffentlichkeit“ und „Starke Gemeinschaft durch Austausch“ zu wenig erfüllt seien und das Angebot zu spezifisch wirke, bei gleichzeitig hohen Materialkosten. Insgesamt ergibt sich ein Bild eines professionell wirkenden, fachlich spannenden Nischenprojekts mit solider, aber nicht überwältigender Zustimmung und erkennbaren Vorbehalten hinsichtlich Breitenwirkung, Überraschungsmoment und Kostenstruktur.","The quantitative data show a moderate but clear level of support, with 3 out of 7 voters backing the project. The mean score of -0.29 indicates a rather reserved overall evaluation, tending slightly to the critical side. In terms of content, commenters highlight positively that the project opens a professional print studio to the public, enables participants to learn or deepen a specific technique, and stands out as one of the few remaining print-focused initiatives, which makes it interesting from a cultural policy perspective. Critical remarks point out that elements such as “courage to surprise,” “culture in public space,” and “strong community through exchange” are perceived as underrepresented, that the offer appears too specific, and that material costs are very high. Overall, the project comes across as a professionally executed, technically engaging niche initiative with solid but not overwhelming support, alongside clear reservations about its broader impact, surprise factor, and cost structure.","Das Projekt ""Winterthurer Druckwoche"" (089) wurde nicht von MES finanziert. Die 3 Unterstuetzer brachten zusammen ein Budget von 2779.25 CHF ein, was nicht ausreichte, um die verlangten 15000 CHF zu decken.","The project ""Winterthurer Druckwoche"" (089) was not funded by MES. Its 3 supporters had a combined budget of 2779.25 CHF, which was not enough to cover the requested 15000 CHF.",1,2,2,2,2779.25,3750.0
18,19,090,Charo – Kenya-Tag Winterthur ,25486,4,3,-0.286,,No,No,Agree,"Charo – Kenya-Tag Winterthur hat bei fast der Hälfte der Abstimmenden Anklang gefunden, besonders wegen der vielfältigen Einblicke in andere Lebenswelten, der sinnlichen Erfahrungen und der Idee, Menschen niederschwellig und punktuell über den Tag verteilt zusammenzubringen. Trotz seiner vielen Befürworterinnen und Befürworter konnte das Projekt aufgrund des begrenzten Gesamtbudgets und anderer Prioritäten dieses Mal leider nicht realisiert werden.","Charo – Kenya Day Winterthur resonated with almost half of the voters, especially because of its diverse insights into other ways of life, its multi-sensory experiences, and the idea of bringing people together flexibly and throughout the day. Despite its many supporters, the project unfortunately could not be realized this time due to the limited overall budget and other priorities.","Die quantitativen Angaben zeigen mit 3 von 7 Stimmen eine eher geteilte, leicht negative Gesamtbewertung (mittlere Punktzahl -0.29). Inhaltlich werden jedoch mehrere positive Aspekte betont: Der Anlass findet an einem Tag statt, bietet ein vielseitiges Programm und ermoeglicht es Besucherinnen und Besuchern, gezielt diejenigen Angebote zu nutzen, die sie interessieren oder zeitlich passen. Das Projekt foerdert Austausch, kulturelle Vielfalt und Einblicke in andere Lebenswelten und spricht verschiedene Sinne an. Kritisch angemerkt werden ein als hoch wahrgenommenes Budget sowie Unklarheiten im Budgetdetail (schlecht lesbar) und der Eindruck, das Projekt sei zu spezifisch bzw. zu vage und zu teuer. Insgesamt ergibt sich ein gemischtes Stimmungsbild: inhaltlich als spannend, vielseitig und gemeinwesenorientiert wahrgenommen, gleichzeitig bestehen Vorbehalte bezueglich Kosten und Konkretion.","The quantitative data indicate a rather divided, slightly negative overall assessment, with 3 out of 7 votes in favor and a mean score of -0.29. In terms of content, several positive aspects are highlighted: the event takes place on a single day with a diverse program, allowing participants to choose only the offers that interest them or fit their schedule. The project is seen as fostering exchange, cultural diversity, and insights into other life worlds, and it appeals to multiple senses. Critical remarks focus on the perception of a high budget, unclear budget details (difficult to read), and the impression that the project is too specific or, at the same time, too vague and too expensive. Overall, the sentiment is mixed: the content is perceived as engaging, diverse, and community-oriented, while concerns remain regarding costs and concreteness.","Resultat für 'Charo – Kenya-Tag Winterthur' (090): Das Projekt wurde nicht vom MES finanziert. Die 3 Supporter hatten zusammen ein Budget von 4534.25 CHF, was nicht ausreicht, um die benötigten 25486 CHF zu decken.","Outcome for 'Charo – Kenya-Tag Winterthur' (090): The project was not funded by MES. Its 3 supporters had a combined budget of 4,534.25 CHF, which was not enough to cover the required 25,486 CHF.",1,2,2,2,4534.25,6371.5
19,16,092,Mitmachen,7000,4,3,-0.143,,No,No,Agree,"Das Projekt «Mitmachen» hat bei fast der Hälfte der Gruppe Anklang gefunden und wurde besonders dafür geschätzt, dass es Gemeinschaft stärkt, kulturelle Erfahrungen ermöglicht und Vielfalt im Theater sichtbar macht, auch wenn einige sich fragten, ob es noch offenere oder mobilere Formate bräuchte. Trotz seiner Unterstützerinnen und Unterstützer konnte das Projekt aufgrund des begrenzten Gesamtbudgets und anderer Prioritäten dieses Mal leider nicht realisiert werden.","The project “Mitmachen” resonated with almost half of the group and was especially valued for strengthening community, enabling cultural experiences and embracing diversity in theatre, even though some people wondered whether it might need more open or mobile formats. Despite its supporters, the project unfortunately could not be realized this time due to the limited overall budget and other priorities.","Die Zustimmung zum Projekt 'Mitmachen' (092) ist mit 3 von 7 Stimmen moderat. Der mittlere Score von -0.14 sowie die Kommentare zeigen ein gemischtes Stimmungsbild. Positiv hervorgehoben werden der Beitrag zu einer starken Gemeinschaft durch Austausch, das gemeinsame Erfahren, Erleben, Anregen und Lernen sowie die Förderung von Kultur für eine vielfältige Bevölkerung. Kritisch angemerkt wird, dass die Hürde, ins Theater zu gehen, für Nicht-Theatergänger weiterhin bestehen könnte und dass das Theater eher zu den Menschen kommen sollte (z.B. Workshops im Freien). Zudem wird befürchtet, dass vor allem bereits theateraffine Personen teilnehmen, Kinder ausgeschlossen bleiben und der Nutzen sehr spezifisch auf Teilnehmende begrenzt ist, ohne breitere Wirkungen wie Ausstellungen zu entfalten.","Support for the project 'Mitmachen' (092) is moderate, with 3 out of 7 voters in favor. The mean score of -0.14 and the comments indicate a mixed sentiment. On the positive side, the project is seen as strengthening community through exchange, enabling shared experiences, inspiration and learning, and promoting culture for a diverse population. Critical remarks point out that the threshold for people who are not regular theatre-goers may remain high and that it might be more effective if the theatre went to the people (e.g. outdoor workshops). There are also concerns that mainly people already familiar with theatre would participate, that children cannot take part, and that the benefits are very specific to participants without broader impacts such as exhibitions.","Ergebnis für «Mitmachen» (092): Das Projekt wurde nicht durch MES finanziert. Seine 3 Unterstützer hatten zusammen ein Budget von 0.00 CHF, was nicht ausreichte, um die benötigten 7000 CHF zu decken.","Outcome for 'Mitmachen' (092): The project was not funded by MES. Its 3 supporters had a combined budget of 0.00 CHF, which was not enough to cover the required 7000 CHF.",1,2,3,1,0.0,1750.0
20,3,067,Inklusive Trommelgruppe mit Gebärdensprache-Übersetzung ,12400,7,6,0.857,,No,Yes,Disagree,"Das Projekt «Inklusive Trommelgruppe mit Gebärdensprache-Übersetzung» hat mit der Unterstützung von 6 von 7 Personen gezeigt, wie sehr die Idee einer spielerischen, inklusiven Kultur und der Austausch zwischen ganz unterschiedlichen Menschen in der Gemeinschaft Anklang findet. Trotz seiner vielen Unterstützerinnen und Unterstützer konnte das Projekt dieses Mal aufgrund des begrenzten Gesamtbudgets und anderer Prioritäten leider nicht realisiert werden.","The project “Inclusive Drum Group with Sign Language Interpretation” clearly resonated with the community, with 6 out of 7 people supporting this playful and inclusive cultural idea that fosters exchange between very different people. Despite its many supporters, the project unfortunately could not be realized this time due to the limited overall budget and other priorities.","Das Projekt erzielt mit 6 von 7 Stimmen eine sehr hohe, nahezu einhellige Zustimmung. Die Kommentare betonen eine starke Gemeinschaft durch Austausch, spielerische Inklusion und den Mut zu einem überraschenden, mutigen Konzept, das vielfältige Menschen zusammenbringt. Es werden zentrale Bereiche des Förderkompasses abgedeckt: Personenvielfalt, Gemeinschaft durch Austausch sowie Erfahren, Erleben, Anregen und Lernen; einzig der Aspekt «Kultur in der Öffentlichkeit» wird als weniger stark vertreten wahrgenommen. Das Budget wird als plausibel eingeschätzt, mit dem Hinweis auf eine mögliche Kürzung um 20 % bei Unterstützung.","The project receives very high, nearly unanimous support with 6 out of 7 votes. Comments highlight strong community building through exchange, playful inclusion, and the courage for a surprising, bold concept that brings together diverse people. It clearly addresses key areas of the funding compass: diversity of persons, community through exchange, and experiencing, learning, inspiring; only the aspect of “culture in public spaces” is seen as somewhat less prominent. The budget is considered plausible, with a note that a 20% reduction could be feasible if the project is funded.","Das Projekt ""Inklusive Trommelgruppe mit Gebaerdensprache-Uebersetzung"" (067) wurde vom MES nicht unterstuetzt. Die 6 Unterstuetzerinnen und Unterstuetzer stellten zusammen 10'473.00 CHF zur Verfuegung, was nicht ausreichte, um das Budget von 12'400.00 CHF zu decken.","The project ""Inclusive Drum Group with Sign Language Interpretation"" (067) was not funded by MES. Its 6 supporters had a combined budget of 10,473.00 CHF, which was not enough to cover the required 12,400.00 CHF.",1,5,1,0,10473.0,1771.43
21,24,017,Der Sound einer Stadt: Ein literarisch-intime Geschichtensammelaktion über die Musikstadt Winterthur,8900,3,2,-0.571,,No,No,Agree,"Dieses Projekt hat zwei Leute im Kreis der sieben Abstimmenden so überzeugt, dass sie es ausdrücklich unterstützen wollten – sie sahen darin ein spannendes, öffentlich erlebbares Winterthurer Musikporträt mit viel Raum für Austausch und Überraschungen, auch wenn andere die Umsetzung noch als etwas vage empfanden oder inhaltlich weniger angesprochen waren. Trotz dieser engagierten Unterstützung konnte das Projekt aufgrund des gesamten, sehr begrenzten Budgets und anderer Prioritäten diesmal leider nicht realisiert werden.","Within the group of seven voters, two people were clearly convinced by this project and chose to support it, recognising in it an exciting, public exploration of Winterthur’s musical identity with room for exchange and surprise, even though others saw the implementation as still a bit vague or felt less personally addressed. Despite this committed backing, the project unfortunately could not be realised this time because of the very limited overall budget and other funding priorities.","Die Zustimmung für das Projekt ist mit 2 von 7 Stimmen eher gering, was sich auch im negativen Durchschnittsscore (-0.57) widerspiegelt. Inhaltlich erkennen einige Votierende eine gute Übereinstimmung mit den Zielen des Förderkompasses (Kultur in der Öffentlichkeit, starke Gemeinschaft, Personenvielfalt, Erfahrungs- und Lerncharakter) und beschreiben das Vorhaben als spannend, insbesondere wegen der Interviews und Tonaufnahmen im Stadtraum. Gleichzeitig äussern andere Skepsis: Das Projekt sei „nicht mein Fall“, die Zielgruppe sei unklar und das Umsetzungskonzept wirke zu vage. Insgesamt ergibt sich ein gemischtes bis eher kritisches Stimmungsbild, bei dem die inhaltliche Passung zu den Förderzielen positiv gesehen wird, die Ausarbeitung und Attraktivität jedoch Zweifel auslösen.","Support for the project is relatively low, with 2 out of 7 votes in favor, which is also reflected in the negative mean score (-0.57). Substantively, some voters see a strong alignment with the funding compass goals (culture in public space, strong community through exchange, diversity of participants, and elements of experience and learning) and describe the idea as exciting, particularly due to the interviews and sound recordings in different parts of the city. At the same time, others express reservations: it is “not my cup of tea,” the target audience is perceived as unclear, and the implementation concept is considered too vague. Overall, the sentiment ranges from mixed to rather critical: the project’s fit with the funding objectives is viewed positively, but there are doubts regarding its concreteness and appeal.","Das Projekt ""Der Sound einer Stadt: Ein literarisch-intime Geschichtensammelaktion über die Musikstadt Winterthur"" (017) wurde nicht vom MES finanziert. Die 2 Unterstuetzerinnen und Unterstuetzer verfuegten zusammen ueber ein Budget von 0.00 CHF und konnten damit die notwendigen 8’900 CHF nicht decken.","The project ""Der Sound einer Stadt: Ein literarisch-intime Geschichtensammelaktion über die Musikstadt Winterthur"" (017) was not funded by MES. Its 2 supporters had a combined budget of 0.00 CHF, which was not enough to cover the required 8,900 CHF.",1,1,3,2,0.0,2966.67
22,22,136,CREAcTION,40000,3,3,-0.429,,No,No,Agree,"CREAcTION hat in der Gruppe spürbar Anklang gefunden: 3 von 7 Personen haben das Projekt unterstützt und besonders den sinnstiftenden, präventiven Charakter sowie die kulturelle Präsenz im öffentlichen Raum hervorgehoben, auch wenn Fragen zur Abgrenzung zwischen Kultur und Therapie sowie zur Höhe des Budgets offenblieben. Trotz dieser deutlichen Unterstützung konnte das Projekt aufgrund des limitierten Gesamtbudgets und anderer Prioritäten dieses Mal leider nicht realisiert werden.","CREAcTION clearly resonated within the group: 3 out of 7 people supported the project and especially valued its meaningful, preventive approach and its cultural visibility in public space, even though questions about the line between culture and therapy and about the size of the budget remained. Despite this solid support, the project unfortunately could not be realized this time due to the limited overall budget and other funding priorities.","Das Projekt 'CREAcTION' erhielt mit 3 von 7 Stimmen eine eher verhaltene Unterstützung. Die Kommentare betonen positiv, dass Kultur im öffentlichen Raum stattfindet, eine starke Gemeinschaft und kulturelle Vielfalt gefördert werden und das Projekt sinnstiftend sowie präventiv mit gesellschaftlichem Nutzen ist. Gleichzeitig gibt es kritische Nachfragen zur Abgrenzung zwischen Kulturprojekt und therapeutischem Ansatz, insbesondere weil im Gesuch erwähnt wird, dass Jugendliche angeleitet werden sollen, ihre Süchte zu überwinden. Zudem wird das Budget von 40'000 CHF als eher hoch beurteilt; vorgeschlagen wird eine Kürzung um rund 20 % bzw. eine Reduktion auf etwa 10'000–20'000 CHF, da das Projekt nach Ansicht einiger auch mit weniger Mitteln realisierbar wäre. Insgesamt überwiegt ein wohlwollend-positiver Grundton mit inhaltlichen Klärungsbedarfen und deutlicher Kritik an der Budgethöhe.","The project 'CREAcTION' received rather moderate support, with 3 out of 7 voters in favor. Comments highlight positively that it brings culture into public space, strengthens community, promotes cultural diversity, and is seen as meaningful and preventive with a clear benefit for society. At the same time, there are critical questions about the boundary between a cultural project and a therapeutic intervention, especially because the application states that young people will be guided in how to overcome their addictions. In addition, the budget of 40,000 CHF is viewed as relatively high; a reduction of around 20% or to roughly 10,000–20,000 CHF is suggested, as some believe the project could also work with fewer resources. Overall, the tone is generally appreciative and positive, but with a need for clarification on the therapeutic aspects and clear criticism of the requested budget level.","Ergebnis für «CREAcTION» (136): Das Projekt wurde vom SBFI nicht finanziert. Die 3 Unterstützer hatten zusammen ein Budget von 7’313.50 CHF, was nicht ausreicht, um die benötigten 40’000 CHF zu decken.","Outcome for “CREAcTION” (136): The project was not funded by MES. Its 3 supporters had a combined budget of 7,313.50 CHF, which was not enough to cover the required 40,000 CHF.",0,3,2,2,7313.5,13333.33
23,15,007,SubRock,7000,5,4,0.143,,No,No,Agree,"SubRock hat bei der Gruppe spürbar Anklang gefunden: 4 von 7 Personen haben das Projekt unterstuetzt und besonders die inklusive Idee mit Flyern in Blindenschrift geschätzt, auch wenn einzelne im Vergleich zu anderen Kulturprojekten noch mehr Ueberzeugungskraft erwarteten. Trotz dieser klaren Rueckendeckung aus der Community konnte das Projekt aufgrund des begrenzten Gesamtbudgets und anderer Prioritaeten dieses Mal leider nicht realisiert werden.","SubRock clearly resonated with the group: 4 out of 7 people supported the project and especially appreciated its inclusive idea of using flyers in Braille, even if some still felt other cultural projects were slightly more compelling. Despite this solid community backing, the project unfortunately could not be realized this time due to the limited overall budget and other priorities.","Das Projekt 'SubRock' (007) erhaelt mit 4 von 7 Stimmen eine solide, insgesamt eher positive Unterstuetzung. Obwohl die durchschnittliche Punktzahl mit 0.14 eher verhalten ist, ueberwiegt die Zustimmung im Verhaeltnis zur Anzahl Stimmberechtigter. In den Rueckmeldungen wird positiv hervorgehoben, dass das Projekt gut zu den Foerderzielen wie 'Erfahren, Erleben, Anregen und Lernen' sowie 'Kultur fuer Personenvielfalt' passt. Besonders begruesst wird die geplante Barrierefreiheit durch gedruckte Flyer in Blindenschrift. Kritisch angemerkt wird, dass der Austausch zwischen Menschen nicht explizit thematisiert ist, wobei zugleich eingeräumt wird, dass dieser Austausch erfahrungsgemaess dennoch rund um Konzerte stattfindet. Insgesamt wird das Projekt im Bereich 'Kultur in der Oeffentlichkeit / Mut zur Ueberraschung' verortet. Der Hinweis, dass auch bei einer leichten Reduktion der Unterstuetzung (z.B. 20 % weniger Mittel) immer noch 6 von 7 geplanten Konzerten durchfuehrbar waeren, spricht dafuer, dass das Projekt als tragfaehig und foerderwuerdig angesehen wird, auch wenn vereinzelt der Vergleich zu „aehnlichen Kulturprojekten“ aufkommt, die teilweise noch staerker ueberzeugen.","The project 'SubRock' (007) receives a solid, overall rather positive level of support, with 4 out of 7 voters in favor. Although the mean score of 0.14 is relatively modest, the proportion of supporting votes is clearly positive relative to the voting group. Feedback highlights that the project aligns well with funding goals such as 'Experience, Discover, Inspire and Learn' and 'Culture for diverse audiences'. The planned accessibility measure of printed flyers in Braille is seen as a particular strength. A critical remark notes that interpersonal exchange is not explicitly mentioned, while also acknowledging that such exchange usually happens naturally around concerts. Overall, the project is placed in the field of 'Culture in public space / courage to surprise'. The comment that even with a slight reduction of support (e.g., 20% fewer resources) 6 of 7 concerts could still take place suggests that the project is considered viable and worthy of support, even if some comparable cultural projects are perceived as somewhat more compelling.",Ergebnis für 'SubRock' (007): Das Projekt wurde vom MES NICHT finanziert. Seine 4 Supporter hatten zusammen ein Budget von 0.00 CHF und konnten damit die benötigten 7000 CHF nicht decken.,"Outcome for 'SubRock' (007): The project was NOT funded by MES. Its 4 supporters had a combined budget of 0.00 CHF, which was not enough to cover the required 7000 CHF.",1,3,2,1,0.0,1400.0
24,25,018,Wald verbindet: Vielfalt erleben im Waldbad,1820,3,2,-0.714,,No,No,Agree,"Das Projekt „Wald verbindet: Vielfalt erleben im Waldbad“ hat zwei Personen so überzeugt, dass sie ihr Budget für eine lebendige, vielfältige Begegnungskultur im öffentlichen Raum einsetzen wollten. Trotz dieser engagierten Unterstützung und der inhaltlich starken Nähe zum Förderkompass konnte das Projekt aufgrund des begrenzten Gesamtbudgets und anderer Prioritäten dieses Mal leider nicht realisiert werden.","The project “Wald verbindet: Vielfalt erleben im Waldbad” inspired two community members to commit their budget to creating a vibrant and inclusive space for shared experiences in public. Despite this dedicated support and its strong alignment with the funding guidelines, the project unfortunately could not be realized this time due to the limited overall budget and other priorities.","Die Zustimmung zum Projekt ist mit 2 von 7 Stimmen gering. Im Mittel wird es eher negativ bewertet (Durchschnittswert -0.71). Inhaltlich heben Befürworter hervor, dass das Projekt viele Aspekte des Förderkompasses vereint: Kultur in der Öffentlichkeit, Förderung einer starken Gemeinschaft durch Austausch sowie Erfahren, Erleben, Anregen und Lernen für eine vielfältige Teilnehmerschaft. Es wird auch als einfach umsetzbares Projekt mit kleinem Beitrag des Kulturkomitees gesehen. Kritische Stimmen bemängeln jedoch, dass das Angebot zu spezifisch bzw. auf Einzelpersonen zugeschnitten sei und primär nur die direkten Teilnehmenden profitieren würden, ohne breitere Wirkung etwa durch Ausstellungen.","Support for the project is low, with 2 out of 7 voters in favour. On average, it is rated rather negatively (mean score -0.71). Substantively, supporters emphasize that the project covers many aspects of the funding compass: culture in public space, fostering a strong community through exchange, and opportunities to experience, learn, and be inspired for a diverse group of participants. It is also seen as a simple project that could be implemented with a small contribution from the culture committee. Critical voices, however, argue that it is too specific or focused on individuals, benefiting mainly direct participants without broader impact, for example through exhibitions.","Das Projekt ""Wald verbindet: Vielfalt erleben im Waldbad"" (018) wurde nicht vom MES unterstuetzt. Die beiden Unterstuetzer verfuegten zusammen ueber ein Budget von 473.00 CHF und konnten damit die erforderlichen 1820 CHF nicht decken.","The project ""Wald verbindet: Vielfalt erleben im Waldbad"" (018) was not funded by MES. Its two supporters had a combined budget of 473.00 CHF, which was not enough to cover the required 1820 CHF.",1,1,2,3,473.0,606.67
25,23,116,"Boomerang ""alles kommt zurück""",9600,2,2,-0.571,,No,No,Agree,"Das Projekt „Boomerang – alles kommt zurück“ hat mit seiner mutigen, interaktiven Idee und der starken Betonung von Partizipation und Austausch zwei von sieben Personen überzeugt und dabei wichtige Fragen zu Inklusion, Zugänglichkeit und konkreter Umsetzung angestossen. Trotz dieser Unterstützung und des inhaltlichen Interesses konnte das Projekt aufgrund des begrenzten Gesamtbudgets und anderer Prioritäten dieses Mal leider nicht realisiert werden.","The project “Boomerang – everything comes back” persuaded two out of seven people with its bold, interactive concept and its strong focus on participation and exchange, while also sparking important questions around inclusion, accessibility and concrete implementation. Despite this support and genuine interest in the content, the project unfortunately could not be realized this time due to the limited overall budget and other priorities.","Die Zustimmung zum Projekt ist mit 2 von 7 Stimmen gering. Die durchschnittliche Bewertung von -0.57 weist auf eine eher kritische Gesamtstimmung hin. Positiv hervorgehoben werden der interaktive und mutige Ansatz sowie die Partizipationsmoeglichkeit des Publikums an der Entstehung des Theaterstuecks. Kritisch gesehen werden jedoch Fragen der Inklusion (insbesondere fuer Kinder und gehoerlose Menschen), der Zugänglichkeit (kein zufaelliger Kontakt mit dem Projekt), sowie Unklarheiten zum konkreten Ablauf und Mehrwert der Interaktion (Anzahl Lesungen, was genau ‚zurueckkommt‘). Auch die Hohe des Betrags im Verhaeltnis zur Eigenleistung der Autoren wird hinterfragt. Insgesamt ueberwiegt eine skeptische bis kritische Haltung trotz inhaltlich grundsaetzlichem Interesse am Thema und Format.","Support for the project is low, with 2 out of 7 voters in favor. The mean score of -0.57 indicates an overall rather critical sentiment. On the positive side, the project is praised as interactive and bold, and the audience participation in creating the theatre piece is valued. However, concerns are raised about inclusion (especially for children and deaf people), accessibility (no chance encounters with the project), and a lack of clarity about the concrete process and added value of the interaction (number of readings, what exactly ‘comes back’ from the audience). The requested budget is also questioned in relation to the authors’ own contribution. Overall, the mood is more skeptical to critical, despite a basic interest in the topic and format.",Ergebnis für «Boomerang 'alles kommt zurück'» (116): Das Projekt wurde NICHT vom MES finanziert. Seine 2 Unterstützer hatten zusammen ein Budget von 0.00 CHF und konnten damit die benötigten 9600 CHF nicht decken.,"Outcome for 'Boomerang ""alles kommt zurück""' (116): The project was NOT funded by MES. Its 2 supporters had a combined budget of 0.00 CHF, which was not enough to cover 9,600 CHF.",0,2,4,1,0.0,4800.0
26,27,076,BLIND DATE mit dem Tod - Eine Talkshow,29700,1,1,-1.286,,No,No,Agree,"Das Projekt hat eine Person sehr deutlich berührt, besonders wegen seines mutigen Umgangs mit dem Tabuthema Tod, der Kombination aus Humor und Ernsthaftigkeit und dem Potenzial für Austausch und Lernen. Trotz dieser erkennbaren Resonanz und eines nachvollziehbaren, wenn auch als hoch empfundenen Budgets mit Fragen zur Prominentengage, konnte das Projekt aufgrund des begrenzten Gesamtbudgets und anderer Prioritäten diesmal leider nicht realisiert werden.","This project clearly resonated with one voter, especially through its bold approach to the taboo topic of death, its mix of humor and seriousness, and its potential for dialogue and learning. Despite this clear appreciation and a budget that was considered understandable but high, with some questions around celebrity fees, the project unfortunately could not be realized this time due to the limited overall budget and other priorities.","Die Zustimmung fuer das Projekt ist mit 1 von 7 Stimmen insgesamt sehr gering und spiegelt sich auch im negativen Durchschnittsscore (-1.29) wider. Inhaltlich wird positiv hervorgehoben, dass ein wichtiges Tabuthema (Tod) mutig, humorvoll und anregend aufgegriffen wird und dass der Ansatz gut zum Foerderkompass (Austausch, Lernen, Ueberraschung) passt. Kritisch sehen die Bewertenden vor allem die hohen Gagen beziehungsweise die starke Fokussierung auf prominente Gaeste, den hohen Aufwand bzw. Preis fuer einen einzelnen Abend sowie Zweifel, ob echter Austausch waehrend einer Talkshow im geschlossenen Raum stattfinden kann oder eher nur im Anschluss. Insgesamt ueberwiegt eine skeptische, eher ablehnende Grundhaltung trotz Anerkennung des thematischen Werts und der professionellen Umsetzung.","Support for the project is very low, with only 1 out of 7 voters in favor, and this is reflected in the negative mean score (-1.29). On the positive side, reviewers emphasize that the project addresses an important taboo topic (death) in a bold, humorous, and stimulating way, and that it fits well with the funding guidelines (exchange, learning, surprise). However, they criticize in particular the high fees for the celebrities and the strong focus on prominent guests, the relatively high cost for a single evening, and doubts about whether genuine exchange can really take place during a talk show in a closed venue or only afterward. Overall, the sentiment is skeptical and rather negative, despite recognition of the thematic relevance and professional implementation.","Das Projekt 'BLIND DATE mit dem Tod - Eine Talkshow' (076) wurde nicht vom MES finanziert. Die 1 Unterstuetzerin bzw. der 1 Unterstuetzer verfuegte zusammen ueber ein Budget von 473.00 CHF, was nicht ausreichte, um die erforderlichen 29_700 CHF zu decken.","The project 'BLIND DATE mit dem Tod - Eine Talkshow' (076) was not funded by MES. Its 1 supporter had a combined budget of 473.00 CHF, which was not enough to cover the required 29,700 CHF.",0,1,2,4,473.0,29700.0
27,26,124,Bild reagiert auf Gedicht,7600,1,1,-1.286,,No,No,Agree,"Das Projekt 'Bild reagiert auf Gedicht' hat eine Person besonders angesprochen, die es als mutig, anregend und dialogfördernd erlebt hat. Gleichzeitig blieben Fragen zur Zugänglichkeit – insbesondere für Menschen mit Sehbehinderung – und zur konkreten Umsetzung offen, was wohl dazu beigetragen hat, dass es dieses Mal trotz des Engagements nicht weitergetragen wurde.","The project 'Bild reagiert auf Gedicht' clearly resonated with one person, who found it courageous, stimulating, and inspiring for exchange. At the same time, open questions about accessibility – especially for people with visual impairments – and about the concrete format and audience likely contributed to it not moving forward this time, despite the support it received.","Die quantitativen Bewertungen zeigen mit 1 von 7 Stimmen zugunsten des Projekts und einem negativen Mittelwert von -1.29 eine insgesamt eher kritische Haltung. Inhaltlich wird das Projekt als mutig, anregend und austauschfördernd wahrgenommen. Gleichzeitig werden mehrere Nachteile betont: die mangelnde Zugänglichkeit insbesondere für Menschen mit Sehbehinderung, ein zu vager Projektbeschrieb (wo, wann, wie), Unklarheit hinsichtlich Publikum und Interaktion sowie eine inhaltlich geringe Ansprechbarkeit für einige Bewertende.","The quantitative ratings, with 1 out of 7 voters in support and a negative mean score of -1.29, indicate an overall rather critical stance toward the project. In terms of content, the project is seen as bold, stimulating, and conducive to exchange. At the same time, several drawbacks are emphasized: limited accessibility, especially for people with visual impairments; a project description perceived as too vague (where, when, how); lack of clarity regarding audience and interaction; and the content does not strongly appeal to several reviewers.",Das Projekt 'Bild reagiert auf Gedicht' (124) wurde vom MES nid finanziert. D Unterstützig vo 1 Person mit insgesamt 0.00 CHF het nid längt für d erforderliche 7600 CHF.,"The project 'Bild reagiert auf Gedicht' (124) was not funded by MES. Its 1 supporter had a total budget of 0.00 CHF, which was not enough to cover the required 7,600 CHF.",0,1,2,4,0.0,7600.0
