Rank,Popularity_Rank,Project_ID,Title,Cost_CHF,Total_Utility,Support_Count,Mean_Score,MES_Rho,MES_Winner,Greedy_Winner,Method_Agreement,Unified_Explanation_DE,Unified_Explanation_EN,Qualitative_Rationale_DE,Qualitative_Rationale_EN,Algorithmic_Rationale_DE,Algorithmic_Rationale_EN,Vote_Ja,Vote_EherJa,Vote_EherNein,Vote_Nein
1,1,095,Laternenumzug,3800,10,6,1.143,380.0,Yes,Yes,Agree,"Der Laternenumzug hat mit 6 von 7 Stimmen sehr grossen Anklang gefunden, weil er auf einfache, kreative Weise Menschen unterschiedlichen Alters und Hintergrunds zusammenbringt und Kultur im öffentlichen Raum sichtbar macht. Trotz einzelnen offenen Fragen überzeugte das Projekt viele durch seine stimmige Mischung aus gemeinschaftlichem Erlebnis, kreativem Laternenbau und einem sorgfältig kalkulierten, günstigen Budget.","The lantern parade was very well received, with 6 out of 7 people supporting it, because it brings together people of different ages and backgrounds in a simple, creative way and makes culture visible in public space. Despite a few open questions, the project convinced many voters with its well-balanced mix of shared experience, creative lantern-making, and a carefully planned, low-cost budget.","Das Projekt 'Laternenumzug' (095) erhaelt mit 6 von 7 Stimmen eine sehr hohe, beinahe einstimmige Unterstuetzung. Die Stimmung in den Rueckmeldungen ist insgesamt klar positiv: Besonders hervorgehoben werden der Beitrag zur oeffentlichen Kultur, die Foerderung einer starken Gemeinschaft, der Mut zur kreativen Ueberraschung sowie das gemeinsame Erfahren, Erleben und Lernen. Positiv betont wird auch, dass das Projekt Menschen mit sehr unterschiedlichen Hintergruenden zusammenbringen und durch das Laternenbasteln kreative Prozesse anstossen kann. Der Umzug am Wochenende ermoeglicht zudem die Teilnahme von Kindern und verstaerkt das Gemeinschaftsgefuehl. Das Budget wird als plausibel beurteilt, einzelne Stimmen wuenschen sich, dass das Projekt kuenftig noch groesser werden koennte, was die grundsaetzliche Zustimmung weiter unterstreicht.","The project 'Laternenumzug' (095) receives very high, nearly unanimous support with 6 out of 7 votes. Overall sentiment in the feedback is clearly positive: respondents particularly emphasize the project’s contribution to public culture, the strengthening of community, the encouragement of creative surprises, and the shared experiences of discovering, participating, and learning. It is seen as a way to bring together people from diverse backgrounds and to stimulate creativity through lantern making. Holding the parade on a weekend is viewed positively, as it allows children to participate and reinforces the sense of community. The budget is considered plausible, and some would even like to see the project grow larger in the future, which further underscores the strong overall approval.",Ergebnis für 'Laternenumzug' (095): Das Projekt wurde vom MES finanziert. Es war günstig und effizient (Wert: 380.00).,Outcome for 'Laternenumzug' (095): The project was funded by MES. It was affordable and efficient (Value: 380.00).,4,2,0,1
2,5,056,ANTE,5000,8,5,0.714,625.0,Yes,Yes,Agree,"ANTE hat mit 5 von 7 Stimmen grossen Rückhalt in der Gemeinschaft gefunden: Die Leute schätzten besonders die verbindende Kraft der Musik, das überschaubare, respektvolle Setting im Freien und den bewussten Gegenpol zu grossen Festivals. Trotz einzelner kritischer Hinweise zur Professionalität und Finanzierung konnte das Projekt viele überzeugen und wurde als bezahlbares, effizientes Angebot für eine vielfältige Öffentlichkeit wahrgenommen.","ANTE received strong support from the community, with 5 out of 7 people in favor, who especially valued the connecting power of music, the intimate outdoor setting, and its deliberate contrast to large festivals. Despite some critical remarks about its professional setup and funding, the project convinced many voters and was seen as an affordable and efficient cultural offer for a diverse public.","Das Projekt ANTE stösst auf eine sehr hohe Zustimmung: 5 von 7 Abstimmenden unterstützen das Vorhaben klar. Die quantitative Bewertung mit einem mittelhohen Durchschnittswert von 0.71 ergänzt dieses insgesamt positive Bild. In den Kommentaren wird besonders die Stärkung der Gemeinschaft durch musikalischen Austausch, Kultur im öffentlichen Raum und die Offenheit für verschiedene Personengruppen hervorgehoben. Gelobt werden zudem das intime, überschaubare Format, das auch Menschen anspricht, die sich in grossen Menschenmengen unwohl fühlen, sowie die bewusste Alternative zu grossen Festivals. Vereinzelt wird kritisch angemerkt, das Projekt wirke sehr professionell und stark durch Sponsoren getragen; eine Empfehlung lautet, eine mögliche Förderung um 20 % zu reduzieren. Insgesamt überwiegt jedoch deutlich die positive Haltung gegenüber dem Projekt.","The ANTE project enjoys very high support: 5 out of 7 voters clearly back the initiative. The quantitative evaluation, with a mid-to-high mean score of 0.71, reinforces this generally positive picture. Comments particularly highlight the strengthening of community through musical exchange, culture in public spaces, and inclusivity for diverse groups of people. The intimate, small-scale format is praised for appealing to individuals who feel uncomfortable in large crowds and for offering a deliberate counterpoint to big festivals. One critical voice notes that the project appears very professional and heavily sponsored, suggesting a 20% reduction if it is funded. Overall, however, the sentiment is clearly positive, with strong support for the project.",Ergebnis fuer 'ANTE' (056): Das Projekt wurde vom MES finanziert. Es war bezahlbar und effizient (Wert: 625.00).,Outcome for 'ANTE' (056): The project was funded by MES. It was affordable and efficient (Value: 625.00).,3,2,1,1
3,6,019,Winterthur Unplugged Festival,5500,8,5,0.714,687.5,Yes,No,Disagree,"Das Projekt 'Winterthur Unplugged Festival' fand mit 5 von 7 Stimmen deutliche Unterstützung in der Community und überzeugte viele mit seiner inklusiven Ausrichtung, den günstigen Eintrittsmöglichkeiten und dem Fokus auf vielfältige Kultur. Trotz einzelner kritischer Fragen – etwa zur Grösse des Anlasses und zu bestehenden ähnlichen Angeboten – überwog bei den Abstimmenden klar das Gefühl, dass hier mit wenig Geld ein wertvoller, erlebnisorientierter Kulturbeitrag für unterschiedliche Menschen geschaffen wird.","The 'Winterthur Unplugged Festival' project received clear backing from the community, with 5 out of 7 people supporting it, and it convinced many through its inclusive approach, affordable access, and focus on diverse cultural experiences. Despite some open questions – for example about the event size and existing similar offers – the overall sense among voters was that this project creates a meaningful, experience‑oriented cultural contribution for different people with a very efficient use of funds.","Das Projekt 'Winterthur Unplugged Festival' stoesst mit 5 von 7 Stimmen auf eine sehr hohe, nahezu einhellige Zustimmung. Die Bewertungen heben insbesondere den Mut zur Ueberraschung, den Erlebnis- und Lerncharakter sowie den Fokus auf kulturelle Teilhabe fuer eine vielfaeltige Bevoelkerung hervor. Positiv hervorgehoben werden die Inklusionsbeauftragte und die Moeglichkeit, das Festival guenstig und mit Begleitperson zu besuchen. Kritische Punkte betreffen vor allem die vergleichsweise geringe Zahl von rund 150 Eintritten und die Wahrnehmung, dass es sich um ein aehnliches Format wie andere Unplugged-Konzerte (bzw. ANTE/SubRock) handelt, wobei einzelne Personen ein anderes Projekt staerker bevorzugen. Insgesamt ueberwiegt jedoch deutlich die Zustimmung, insbesondere im Hinblick auf Inklusion und kulturelle Vielfalt.","The 'Winterthur Unplugged Festival' project receives very high, nearly unanimous support, with 5 out of 7 votes in favour. Respondents particularly value its openness to surprises, its focus on experience and learning, and its emphasis on cultural participation for a diverse population. The presence of an inclusion officer and the possibility to attend at a reduced price with an accompanying person are seen as clear strengths. Critical remarks focus mainly on the relatively small audience size of around 150 entries and the perception that the format is similar to other unplugged events (e.g. ANTE/SubRock), with some individuals personally preferring another project. Overall, however, the strong approval clearly dominates, especially regarding inclusion and cultural diversity.",Das Projekt 'Winterthur Unplugged Festival' (019) wurde vom MES finanziert. Es war kostengünstig und effizient (Wert: 687.50).,The project 'Winterthur Unplugged Festival' (019) was funded by MES. It was affordable and efficient (value: 687.50).,3,2,1,1
4,4,126,Kulturbegleitung OnThur,20000,8,4,0.833,2701.5,Yes,Yes,Agree,"Mit der Unterstützung von 4 von 7 Personen fand «Kulturbegleitung OnThur» im Kreis der Mitentscheidenden klaren Rückhalt, besonders weil es Mut stärkt, Inklusion sichtbar macht und kulturelle Teilhabe für viele ermöglicht. Trotz vereinzelter kritischer Hinweise zur Zugänglichkeit für Kinder und zu den Rahmenbedingungen überzeugte das Projekt insgesamt und konnte dank seiner Kosteneffizienz und Wirkung erfolgreich finanziert werden.","With support from 4 out of 7 people, “Kulturbegleitung OnThur” clearly resonated with the decision-making group, especially because it empowers people, makes inclusion visible, and opens up cultural participation for many. Despite some critical remarks about access for children and certain framework conditions, the project ultimately convinced many and was successfully funded thanks to its cost-efficiency and impact.","Das Projekt 'Kulturbegleitung OnThur' stoesst mit 4 von 7 Stimmen auf eine klar mehrheitliche Zustimmung. Die Bewertungen heben insbesondere den mutigen und staerkenden Charakter hervor sowie den Beitrag zur gelebten Inklusion. Kritisch wird angemerkt, dass Kinder und Jugendliche nicht teilnehmen koennen und dass die Angebote zeitlich nur abends stattfinden. Zudem wird der beantragte Betrag von 20'000 CHF im Zusammenhang mit der Traegerschaft als relativ hoch beurteilt. Insgesamt ueberwiegt jedoch die positive Einschaetzung des Projekts und seines inklusiven Mehrwerts deutlich.","The project 'Kulturbegleitung OnThur' receives clear majority approval with 4 out of 7 votes. Respondents particularly emphasize its courageous and empowering nature and its contribution to lived inclusion. Critical points raised include the fact that children and adolescents cannot participate and that activities take place only in the evenings. In addition, the requested amount of CHF 20,000 is seen as relatively high in light of the size and capacity of the institution. Overall, the positive assessment of the project and its inclusive added value clearly predominates.",Das Projekt «Kulturbegleitung OnThur» (126) wurde von MES finanziert. Es war kostengünstig und effizient (Wert: 2701.50).,The project ‘Kulturbegleitung OnThur’ (126) was funded by MES. It was affordable and efficient (value: 2701.50).,4,0,1,1
5,2,129,"""Vitodura zu Besuch"" - Szenischer Vortrag (Arbeitstitel)",8000,7,6,0.857,1999.7499999999998,Yes,Yes,Agree,"„Vitodura zu Besuch“ fand mit 6 von 7 Stimmen grosse Zustimmung in der Gruppe und überzeugte, weil es ein bestehendes Angebot sinnvoll erweitert und so noch mehr Menschen Zugang zu Wissen, Austausch und kulturellem Erleben ermöglicht. Trotz einzelner Rückmeldungen zu Budgetkürzungen überwog klar die Begeisterung für das gute Preis-Leistungs-Verhältnis, weshalb das Projekt unterstützt und realisiert wird.","“Vitodura on Visit” received strong support with 6 out of 7 votes and convinced the group by meaningfully expanding an existing project so that even more people gain access to knowledge, exchange, and cultural experiences. Despite some comments about budget reductions, the clear enthusiasm for its very good value for money prevailed, which is why the project is being supported and implemented.","Das Projekt stösst auf sehr grosse Zustimmung: 6 von 7 Stimmen sprechen sich dafür aus. Die Kommentierenden betonen eine gute Übereinstimmung mit den Förderkriterien (mit leichten Einschränkungen im Bereich «Kultur in der Öffentlichkeit», die jedoch anderweitig bereits abgedeckt wird). Positiv hervorgehoben werden der erweiterte Zugang zu Informationen, der Beitrag zu einer starken Gemeinschaft durch Austausch sowie die Förderung von kultureller Vielfalt und erfahrbarem Erleben. Das Budget wird grundsätzlich als in Ordnung beurteilt, wobei eine Kürzung von rund 20 % bei guter Geschäftslage vorgesehen ist.","The project enjoys very strong support: 6 out of 7 votes are in favor. Commenters emphasize a good alignment with the funding criteria (with minor reservations regarding “culture in public space,” which is considered to be covered elsewhere). Positively noted are the expanded access to information, the contribution to a strong community through exchange, and the promotion of cultural diversity and experiential learning. The budget is broadly seen as acceptable, with a potential reduction of around 20% envisaged in case of a good financial result.","Das Projekt ""Vitodura zu Besuch"" - Szenischer Vortrag (Arbeitstitel) (ID 129) wurde von MES unterstuetzt. Es war kostenguenstig und effizient mit einem Wert von 1999.75.","The project ""Vitodura zu Besuch"" - Staged Presentation (working title) (ID 129) was funded by MES. It was cost-effective and efficient with a value of 1999.75.",1,5,1,0
6,7,040,15 Jahre Theater Ariane – wir feiern einen Begegnungsort,10000,6,5,0.571,4061.25,Yes,No,Disagree,"Das Projekt «15 Jahre Theater Ariane – wir feiern einen Begegnungsort» hat mit 5 von 7 Stimmen eine sehr starke Unterstuetzung erhalten und zeigt, wie sehr die Idee eines lebendigen Austauschs zwischen Schauspielerinnen, Schauspielern und Publikum die Gemeinschaft beruehrt. Trotz einzelner offenen Fragen – etwa zu Einnahmen – hat das Vorhaben viele Menschen ueberzeugt, weil es Kultur fuer eine vielfältige Personenwelt bietet und einen echten Begegnungsort schafft.","The project “15 Years of Theater Ariane – celebrating a place of encounter” received very strong support with 5 out of 7 votes, showing how much the idea of lively exchange between actors and audience resonated with the community. Despite a few open questions – for example about income – the project convinced many people because it offers culture for a diverse range of people and creates a genuine place of encounter.","Die Zustimmung zu diesem Projekt ist mit 5 von 7 Stimmen sehr hoch und kommt einer beinahe einstimmigen Unterstützung gleich. Die Bewertungen betonen den Begegnungsort als Raum für Austausch und Gemeinschaft, der Mut zur Überraschung und das gemeinsame Erfahren, Erleben, Anregen und Lernen werden positiv hervorgehoben. Besonders geschätzt wird der direkte Dialog zwischen Schauspielerinnen und Schauspielern und Publikum nach der Vorstellung, was als seltene und bereichernde Qualität wahrgenommen wird. Das Projekt wird als Beitrag zu einer starken Gemeinschaft und zu Kultur für eine vielfältige Bevölkerung gesehen. Kritisch angemerkt werden Fragen zur Budgetplanung und fehlenden Einnahmen, jedoch ohne die insgesamt sehr positive Grundhaltung und hohe Zustimmung in Frage zu stellen.","Support for this project is very high, with 5 out of 7 votes, which is close to unanimous approval. The feedback highlights the venue as a place of encounter and exchange, with praise for its courage to surprise and its focus on shared experiencing, inspiring, and learning. In particular, the direct dialogue between actors and audience after the performance is seen as a rare and enriching quality. The project is perceived as contributing to strong community ties and to culture that embraces diversity. Some concerns are raised about the budget planning and the absence of revenues, but these do not fundamentally challenge the overall very positive attitude and high level of support.",Das Projekt «15 Jahre Theater Ariane – wir feiern einen Begegnungsort» (040) wurde von MES unterstuetzt. Es war kostenguenstig und effizient (Wert: 4061.25).,The project “15 Years of Theater Ariane – we celebrate a place of encounter” (040) was funded by MES. It was affordable and efficient (value: 4061.25).,1,4,2,0
7,8,045,Don't be Cool – be Warm!,20000,7,4,0.5,,No,No,Agree,"Das Projekt ""Don't be Cool – be Warm!"" hat mit der Unterstützung von 4 von 7 Personen deutlich gezeigt, wie stark die Idee von Gemeinschaft, Vielfalt und gemeinsamem Erleben in der Nachbarschaft verankert ist. Trotz seiner vielen Unterstützerinnen und Unterstützer konnte das Projekt aufgrund des begrenzten Gesamtbudgets und anderer Prioritäten dieses Mal leider nicht realisiert werden.","The project ""Don't be Cool – be Warm!"" clearly resonated with the community, with 4 out of 7 people supporting its strong focus on togetherness, diversity, and shared experiences. Despite its many supporters, the project unfortunately could not be realized this time due to the limited overall budget and other priorities.","Das Projekt 'Don't be Cool – be Warm!' (045) stoesst mit 4 von 7 Stimmen auf deutliche Zustimmung. Die Rueckmeldungen betonen eine starke Uebereinstimmung mit allen Punkten des Foerderkompasses: Kultur im oeffentlichen Raum, Gemeinschaft und Austausch, Offenheit fuer Ueberraschungen sowie gemeinsames Erfahren, Erleben, Anregen und Lernen. Besonders hervorgehoben werden Inklusion, Vielfalt und das Zusammenbringen unterschiedlicher Menschen, die gemeinsam Selbstwirksamkeit erleben. Insgesamt wird das Projekt sehr positiv bewertet und sogar als persoenlicher Favorit ('coup de coeur') bezeichnet.","The project 'Don't be Cool – be Warm!' (045) receives clear approval, with 4 out of 7 votes in favor. Feedback highlights a strong alignment with all aspects of the funding compass: culture in public spaces, building community and exchange, openness to surprise, as well as shared experiencing, exploration, inspiration, and learning. Inclusion, diversity, and bringing different people together to experience self-efficacy are particularly emphasized. Overall, the project is viewed very positively and even described as a personal favorite ('coup de coeur').","Ergebnis für 'Don't be Cool – be Warm!' (045): Das Projekt wurde vom MES nicht finanziert. Die 4 Unterstuetzerinnen und Unterstuetzer verfuegten zusammen ueber ein Budget von 11’939.00 CHF, was nicht ausreichte, um die benoetigten 20’000 CHF zu decken.","Outcome for 'Don't be Cool – be Warm!' (045): The project was not funded by MES. Its 4 supporters had a combined budget of 11,939.00 CHF, which was not enough to cover the required 20,000 CHF.",3,1,0,2
8,13,081,Die grösste Wandzeitung Winterthurs,7330,6,4,0.143,,No,No,Agree,"Das Projekt «Die groesste Wandzeitung Winterthurs» hat bei mehr als der Haelfte der Beteiligten Begeisterung ausgeloest, weil es Kultur im oeffentlichen Raum erlebbar macht und viele Menschen niederschwellig zum Mitmachen und Austauschen einlaedt – gerade auch waehrend der Musikfestwochen. Trotz seiner vielen Unterstuetzerinnen und Unterstuetzer konnte es aufgrund des begrenzten Gesamtbudgets und anderer gesetzter Schwerpunkte dieses Mal leider nicht realisiert werden.","The project “Die groesste Wandzeitung Winterthurs” inspired a clear majority of participants, as it brings culture into public space in an accessible way and invites many different people to read, join in and exchange ideas – especially during the music festival weeks. Despite its many supporters, the project unfortunately could not be realized this time due to the limited overall budget and other funding priorities.","Das Projekt erhält mit 4 von 7 Stimmen eine eher positive, tendenziell zustimmende Bewertung. In den Kommentaren wird besonders geschätzt, dass die Wandzeitung Kultur in der Öffentlichkeit sichtbar macht, Austausch und Gemeinschaft fördert, zur Überraschung ermutigt und ein niedrigschwelliges Mitmachen für viele unterschiedliche Personen ermöglicht – insbesondere in Zeiten mit hoher Publikumsfrequenz wie während der Musikfestwochen. Eine Person bezeichnet das Projekt sogar als einen ihrer beiden „coup de coeur“. Kritisch angemerkt wird, dass es eher als Kommunikationsplattform denn als klassisches Kulturprojekt wahrgenommen wird und nur einen Förderschwerpunkt des Kompasses klar erfüllt. Insgesamt überwiegt jedoch die positive Einschätzung, insbesondere was Zugänglichkeit, Beteiligung und Wirkung im öffentlichen Raum betrifft.","The project receives a somewhat positive, generally approving assessment, with 4 out of 7 voters in support. Commenters particularly value that the wall newspaper brings culture into public space, fosters exchange and community, encourages surprise, and offers a very low-threshold way for a wide range of people to participate – especially during periods of high foot traffic such as the music festival weeks. One person even describes the project as one of their two “coup de coeur” choices. On the critical side, some see it more as a communication platform than a traditional cultural project and note that it clearly fulfills only one funding focus of the compass. Overall, however, the positive view predominates, especially regarding accessibility, participation, and impact in public space.","Das Projekt ""Die groesste Wandzeitung Winterthurs"" (081) wurde nicht von MES gefoerdert. Die 4 Unterstuetzerinnen und Unterstuetzer verfuegten zusammen ueber ein Budget von 7’160.00 CHF und konnten damit die erforderlichen 7’330.00 CHF nicht decken.","The project ""Die groesste Wandzeitung Winterthurs"" (081) was not funded by MES. Its 4 supporters had a combined budget of 7,160.00 CHF, which was not enough to cover the required 7,330.00 CHF.",2,2,1,2
9,10,094,Slamstörung – Poetry Slam x Mental Health,18300,6,5,0.429,,No,No,Agree,"Slamstoerung – Poetry Slam x Mental Health hat bei 5 von 7 Beteiligten deutlich Anklang gefunden, insbesondere weil es wichtige Mental-Health-Themen in zugänglicher, kultureller Form und im gemeinschaftlichen Austausch aufgreift. Trotz seiner vielen Unterstützerinnen und Unterstützer konnte das Projekt dieses Mal aufgrund des begrenzten Gesamtbudgets und anderer Prioritäten leider nicht realisiert werden.","Slamstoerung – Poetry Slam x Mental Health clearly resonated with 5 out of 7 participants, especially because it addresses important mental health topics in an accessible cultural format and through shared dialogue. Despite its many supporters, the project unfortunately could not be realized this time due to the limited total budget and other priorities.","Die Zustimmung zum Projekt ist mit 5 von 7 Stimmen sehr hoch und nahezu einhellig. Die Kommentare betonen vor allem die starke Gemeinschaft durch Austausch, den Mut zur Überraschung sowie das Erfahren, Erleben, Anregen und Lernen. Besonders positiv hervorgehoben werden die thematische Relevanz (Mental Health), die niederschwelligere Zugänglichkeit der Inhalte durch die spezielle Textform Poetry Slam und der Beitrag zu Kultur für Personenvielfalt. Kritisch angemerkt wird einzig die finanzielle Zugänglichkeit; es wird gewünscht, dass das Angebot für alle Menschen leistbar sein sollte. Insgesamt überwiegt klar die positive, unterstützende Haltung zum Projekt, bei gleichzeitigem Hinweis auf eine wünschenswerte Reduktion finanzieller Hürden.","Support for the project is very high, with 5 out of 7 voters in favor, indicating nearly unanimous approval. Comments emphasize the strength of community through exchange, the courage to embrace surprise, and the value of experiencing, inspiring, and learning together. The thematic focus on mental health and the use of poetry slam as an accessible textual form are seen as clear strengths, as is the contribution to cultural diversity and inclusion. The only notable criticism concerns financial accessibility, with the wish that the offer should be affordable for everyone. Overall, the sentiment is clearly positive and supportive, with a strong endorsement of the project and a side note that reducing financial barriers would further improve it.","Das Projekt ""Slamstoerung – Poetry Slam x Mental Health"" (094) wurde von MES nicht gefoerdert. Die 5 Supporter verfuegten zusammen ueber ein Budget von 13’694.00 CHF und konnten damit die erforderlichen 18’300.00 CHF nicht decken.","The project ""Slamstörung – Poetry Slam x Mental Health"" (094) was not funded by MES. Its 5 supporters had a combined budget of 13,694.00 CHF, which was not enough to cover the required 18,300.00 CHF.",1,4,1,1
10,9,104,Kreativwerkstatt,30724,6,5,0.429,,No,No,Agree,"Die Kreativwerkstatt hat mit 5 von 7 Stimmen sehr viel Rückhalt in der Gruppe erhalten, vor allem weil sie einen offenen, niederschwelligen Ort für Austausch, gemeinsames Lernen und kulturelle Vielfalt schaffen wollte – auch wenn es einzelne offene Fragen zu Aufwand und Finanzierung gab, hat das Projekt viele überzeugt. Trotz seiner vielen Unterstützerinnen und Unterstützer konnte das Projekt aufgrund des begrenzten Gesamtbudgets und anderer gesetzter Prioritäten dieses Mal leider nicht realisiert werden.","The Kreativwerkstatt received strong backing from the group, with 5 out of 7 people supporting the idea of an open, low-threshold space for exchange, shared learning and cultural diversity – and it convinced many voters even though some questions about workload and financing remained. Despite its many supporters, the project unfortunately could not be realised this time due to the limited overall budget and other priorities.","Das Projekt 'Kreativwerkstatt' stoesst mit 5 von 7 Stimmen auf eine sehr hohe, beinahe einhellige Zustimmung. Inhaltlich wird besonders positiv hervorgehoben, dass es Kultur in der Oeffentlichkeit erlebbar macht, niederschwellig und gut zugaenglich ist und ueber ein ganzes Jahr laeuft. Der inklusive Charakter („jeder ist willkommen“) sowie der Austausch in einer vielfaeltigen Gemeinschaft werden als klare Staerken gesehen. Ausserdem wird geschaetzt, dass der Austausch von geschulten Fachpersonen begleitet wird und so Erfahren, Erleben, Anregen und Lernen ermoeglicht. Leicht kritisch wird vor allem der hohe Personalaufwand (80 % für eine Einzelperson) und die Frage nach den Einnahmen angesprochen. Insgesamt ist die Stimmung jedoch deutlich positiv, mit starker inhaltlicher Unterstuetzung und nur punktuellen Bedenken zur Ressourcenfrage.","The project 'Kreativwerkstatt' receives very high, nearly unanimous support with 5 out of 7 votes. Respondents particularly value that it makes culture visible and tangible in public space, is low-threshold and easily accessible, and runs continuously over a full year. The inclusive character ('everyone is welcome') and the exchange within a diverse community are seen as clear strengths. It is also appreciated that the exchange is accompanied by trained professionals, enabling experience, inspiration, and learning. Some concerns are raised about the high staffing effort (80% workload for a single person) and questions about revenue. Overall, sentiment is clearly positive, with strong substantive support and only selective concerns about resource implications.",Das Projekt 'Kreativwerkstatt' (104) wurde vom MES nicht finanziert. Die 5 Unterstuetzerinnen und Unterstuetzer verfuegten zusammen ueber 11'314.00 CHF und konnten damit die erforderlichen 30'724 CHF nicht decken.,"The project 'Kreativwerkstatt' (104) was not funded by MES. Its 5 supporters had a combined budget of 11,314.00 CHF, which was not enough to cover the required 30,724 CHF.",1,4,1,1
11,11,012,Tanzfest Winterthur 2026,24000,5,4,0.286,,No,No,Agree,"Tanzfest Winterthur 2026 hat viele Menschen in der Gruppe angesprochen, weil es Kultur in der Öffentlichkeit sichtbar macht, Menschen mit unterschiedlichem Hintergrund verbindet und alle Förderkompass-Punkte sehr stimmig aufgreift – trotz einiger offener Fragen zum Budget. Trotz seiner vielen Unterstützerinnen und Unterstützer konnte das Projekt dieses Mal aufgrund des begrenzten Gesamtbudgets und anderer Prioritäten leider nicht realisiert werden.","Tanzfest Winterthur 2026 resonated strongly with many people in the group, as it brings culture into public spaces, connects people from different backgrounds, and reflects all the funding compass criteria very well, even though some questions about the budget remained. Despite its many supporters, the project unfortunately could not be realized this time due to the limited overall budget and other priorities.","Das Projekt 'Tanzfest Winterthur 2026' (012) stoesst mit 4 von 7 Stimmen auf eine solide Mehrheit und damit auf klar positive Resonanz. Der Foerderkompass wird von den Kommentierenden als umfassend erfuellt wahrgenommen: Kultur in der Oeffentlichkeit, starke Gemeinschaft durch Austausch, Mut zur Ueberraschung, sowie Erfahren, Erleben, Anregen und Lernen und Kultur fuer Personenvielfalt werden explizit genannt. Besonders hervorgehoben wird, dass Musik und Tanz Menschen aus aller Welt verbinden und dass die diversen oeffentlichen Darbietungen an verschiedenen Plaetzen in Winterthur vielen Personen den Zugang ermoeglichen. Kritische Hinweise beziehen sich hauptsaechlich auf die Budgetgroesse bzw. die fehlende Lesbarkeit der Budgetangaben und die Frage, ob die Finanzierung (u. a. durch Stadt, Kanton, Migros, Stiftungen) bereits gesichert ist. Insgesamt ist die Stimmung klar positiv, mit inhaltlich hoher Uebereinstimmung mit den Foerderzielen und punktuellen Fragezeichen zur Budgetdimension und -transparenz.","The project 'Tanzfest Winterthur 2026' (012) receives clear positive feedback, with 4 out of 7 voters in support, indicating a solid majority. Commenters perceive the funding guidelines as thoroughly met: culture in public space, strong community through exchange, openness to surprise, as well as experiencing, learning and being inspired, and cultural diversity are all explicitly mentioned. It is particularly emphasised that music and dance connect people from all over the world, and that the various public performances at different locations in Winterthur give many people access to the event. Critical remarks focus mainly on the size of the budget or the fact that the budget is hard to read, and on whether financing (including from the city, canton, Migros and foundations) is already secured. Overall, the sentiment is clearly positive, with strong alignment to the funding compass and only selective concerns regarding budget size and transparency.","Das Projekt ""Tanzfest Winterthur 2026"" (012) wurde von MES nicht gefoerdert. Die 4 Unterstuetzer hatten zusammen ein Budget von 11313.00 CHF, was nicht ausreicht, um die erforderlichen 24000.00 CHF zu decken.","The project ""Tanzfest Winterthur 2026"" (012) was not funded by MES. Its 4 supporters had a combined budget of 11,313.00 CHF, which is not enough to cover the required 24,000.00 CHF.",1,3,3,0
12,14,033,"Tatort Töss – Ein interaktiver Kinderkrimi zum lesen, entdecken und ermitteln im Stadtraum Töss",14000,5,4,0.143,,No,No,Agree,"Tatort Töss hat bei mehr als der Hälfte der Teilnehmenden Anklang gefunden, weil es Familien im Freien zusammenbringt und Kinder spielerisch zum Lesen, Entdecken und gemeinsamen Ermitteln im eigenen Stadtraum anregt. Trotz dieser starken Unterstützung konnte das Projekt aufgrund des begrenzten Gesamtbudgets und anderer Prioritäten dieses Mal leider nicht realisiert werden.","Tatort Töss resonated with more than half of the participants, because it brings families outdoors and playfully encourages children to read, explore and investigate together in their own urban space. Despite this strong support, the project unfortunately could not be realized this time due to the limited overall budget and other priorities.","Die Zustimmung zum Projekt ist mit 4 von 7 Stimmen mehrheitlich positiv. Das Projekt wird als schönes, sinnvolles Angebot im öffentlichen Raum wahrgenommen, das Familien ein gemeinsames Abenteuer ermöglicht und Kinder zum Lesen und Erkunden im Freien anregt – bewusst als Gegenpol zu Konsum und Medienpassivität. Mehrfach wird der starke Bezug zu den Zielen des Förderkompasses hervorgehoben (Kultur in der Öffentlichkeit, Mut zur Überraschung, Erfahren/Erleben/Anregen/Lernen), und das Budget gilt als plausibel, wobei ein Beitrag des Kulturkomitees als entscheidend für die Realisierung bewertet wird. Kritisch angemerkt wird, dass das Angebot thematisch und räumlich relativ spezifisch ist (Quartier Töss, Zielgruppe Kinder um 10 Jahre, Einzelperson als Trägerschaft). Insgesamt überwiegt jedoch die positive Beurteilung deutlich.","Support for the project is predominantly positive, with 4 out of 7 votes in favor. The project is seen as an attractive and meaningful offer in public space that allows families to experience an adventure together and encourages children to read and explore outdoors, explicitly countering consumerism and media passivity. Reviewers repeatedly emphasize its strong alignment with the funding compass (culture in public space, openness to surprise, experiencing/learning/being inspired), and the budget is considered plausible, with funding from the cultural committee viewed as essential for implementation. Some critical points mention that the project is relatively specific in terms of location and target group (Töss, children around 10 years, individual initiator). Overall, the positive assessment clearly predominates.","Das Projekt ""Tatort Töss – Ein interaktiver Kinderkrimi zum lesen, entdecken und ermitteln im Stadtraum Töss"" (033) wurde von MES nicht finanziert. Die 4 Unterstuetzerinnen und Unterstuetzer verfuegten zusammen ueber ein Budget von 11’314.00 CHF und konnten damit die erforderlichen 14’000 CHF nicht decken.","The project ""Tatort Töss – An interactive children’s crime story for reading, discovering and investigating in the urban space of Töss"" (033) was not funded by MES. Its 4 supporters had a combined budget of 11,314.00 CHF, which was not enough to cover the required 14,000 CHF.",1,3,2,1
13,12,112,Kulturnacht geht raus | Die Stadt ist unsere Bühne,20000,5,4,0.143,,No,No,Agree,"Mit 4 von 7 Stimmen hat euer Projekt deutlich gezeigt, dass die Idee von einer offenen Kulturnacht im öffentlichen Raum bei vielen in der Gruppe resoniert und als wichtig für Zugänglichkeit, Vielfalt und gemeinsame Erlebnisse wahrgenommen wird. Trotz diesen klaren Unterstützerstimmen und der Begeisterung für Kultur für alle konnte das Projekt aufgrund des begrenzten Gesamtbudgets und anderer Prioritäten dieses Mal leider nicht realisiert werden.","With 4 out of 7 votes, your project clearly showed that the idea of an open culture night in public space resonated strongly in the group and was seen as important for accessibility, diversity, and shared experiences. Despite these clear supporters and the enthusiasm for culture for everyone, the project unfortunately could not be realized this time due to the limited overall budget and other priorities.","Die Zustimmung zum Projekt ist mit 4 von 7 Stimmen klar mehrheitlich. Inhaltlich wird besonders positiv hervorgehoben, dass Kultur in den öffentlichen Raum gebracht wird, den Austausch und eine starke Gemeinschaft fördert und Raum für Überraschung, Erfahren, Erleben, Anregen und Lernen bietet. Das Projekt wird als niedrigschwellig und inklusiv wahrgenommen, mit vielfältigem Zugang zu Kultur für Menschen jeden Alters und unterschiedlicher Hintergründe. Kritisch angemerkt wird der hohe Budgetbedarf bzw. der Charakter als Grossveranstaltung; zugleich wird betont, dass bereits Zusagen von Stadt, Kanton und Stiftungen bestehen und eine zusätzliche Förderung dennoch positiv gesehen wird – insbesondere im Hinblick auf den Jubiläumscharakter und die erweiterte Nutzung des öffentlichen Raums. Insgesamt ist die Stimmung deutlich positiv mit einzelnen Vorbehalten zur Finanzierung.","Support for the project is clearly majority-based, with 4 out of 7 votes in favor. Commenters particularly praise that it brings culture into public space, strengthens community and exchange, and creates room for surprise, experience, stimulation and learning. The project is perceived as low-threshold and inclusive, offering a diverse range of cultural access for people of all ages and backgrounds. Some reservations concern the large budget and the character as a major event; at the same time, it is noted that city, canton and foundations have already pledged support, and an additional grant is still viewed positively, especially due to the anniversary character and the extension into public space. Overall, the sentiment is clearly positive with some concerns focused on financing.","Das Projekt 'Kulturnacht geht raus | Die Stadt ist unsere Bühne' (112) wurde vom MES nöd finanziert. Dini vier Supporter händ zäme 11313.00 CHF zämmebracht, das isch z wenig für s Budget vo 20000 CHF gsi.","'Kulturnacht geht raus | Die Stadt ist unsere Bühne' (112) was not funded by MES. Its 4 supporters had a combined budget of 11,313.00 CHF, which was not enough to cover the required 20,000 CHF.",1,3,2,1
14,21,008,Clay connection - gemeinsam töpfern.,10400,4,3,-0.286,,No,No,Agree,"«Clay connection – gemeinsam töpfern.» hat einen Teil der Gemeinschaft angesprochen, weil es Austausch, gemeinsames Erleben und kulturelle Vielfalt auf eine sehr konkrete und handwerkliche Art verbinden wollte, auch wenn einige fanden, das Angebot sei zu spezifisch und komme einem normalen Kurs gleich. Trotz seiner Unterstützerinnen und Unterstützer konnte das Projekt aufgrund des begrenzten Gesamtbudgets und anderer Prioritäten dieses Mal leider nicht realisiert werden.","“Clay connection – gemeinsam töpfern.” resonated with part of the community because it aimed to connect people through shared creative experiences and cultural diversity in a very hands-on way, even though some felt it was too specific and similar to a regular course offering. Despite its supporters, the project unfortunately could not be realized this time due to the limited overall budget and other priorities.","Die quantitativen Bewertungen zeigen mit 3 von 7 Stimmen eine moderate Zustimmung zum Projekt, bei insgesamt eher verhaltener mittlerer Bewertung (Mean Score -0.29). In den Kommentaren werden insbesondere der Gemeinschaftsaspekt, das gemeinsame Erfahren, Erleben und Lernen sowie der Beitrag zu kultureller Vielfalt positiv hervorgehoben und klar im Sinne des Förderkompasses verortet. Kritische Stimmen stellen hingegen den Mehrwert gegenüber einem regulären Töpferkurs in Frage, empfinden das Angebot als zu spezifisch und monieren, dass der Nutzen vor allem den Teilnehmenden zugutekommt, ohne breitere Sichtbarkeit (z.B. durch Ausstellungen). Insgesamt ergibt sich ein gemischtes Bild: inhaltlich wird der Beitrag zu Gemeinschaft und kultureller Teilhabe anerkannt, gleichzeitig bestehen Zweifel an der Besonderheit und der Breitenwirkung des Projekts.","The quantitative assessments show moderate support for the project, with 3 out of 7 voters in favor and an overall rather restrained average rating (mean score -0.29). In the comments, the community-building aspect, the shared experience and learning, and the contribution to cultural diversity are highlighted positively and clearly linked to the funding guidelines. Critical remarks, however, question the added value compared to a regular pottery course, perceive the offer as too specific, and criticize that the benefits mainly accrue to the participants themselves without broader public visibility (e.g., exhibitions). Overall, the picture is mixed: the project is recognized for fostering community and cultural participation, while doubts remain about its distinctiveness and wider impact.","Ergebnis für «Clay connection - gemeinsam töpfern.» (008): Das Projekt wurde nicht vom MES finanziert. Die 3 Unterstuetzer hatten zusammen ein Budget von 2779.25 CHF, was nicht ausreichte, um die erforderlichen 10400 CHF zu decken.","Outcome for 'Clay connection - gemeinsam töpfern.' (008): The project was not funded by MES. Its 3 supporters had a combined budget of 2779.25 CHF, which was not enough to cover the required 10400 CHF.",1,2,2,2
15,18,030,"rooting for me, for you",8000,4,4,-0.143,,No,No,Agree,"Dein Projekt hat mit 4 von 7 Stimmen eine beachtliche Unterstützung erhalten, insbesondere weil die Idee einer nonverbalen Performance mit Musik, Bewegung und Emotion viele in der Gruppe berührt und neugierig gemacht hat, auch wenn es noch offene Fragen zu Austauschformaten und Kosten gab. Trotz dieser klaren Resonanz und vieler Sympathien konnte das Projekt aufgrund des begrenzten Gesamtbudgets und anderer Prioritäten dieses Mal leider nicht realisiert werden.","Your project received solid support with 4 out of 7 people backing it, especially because the idea of a nonverbal performance with music, movement and emotion touched and intrigued many in the group, even though there were still some open questions about follow-up exchange and costs. Despite this clear resonance and many supporters, the project unfortunately could not be realized this time due to the limited overall budget and other priorities.","Die quantitativen Daten zeigen eine eher positive Gesamtbewertung: 4 von 7 Personen unterstuetzen das Projekt, was auf eine solide Zustimmung innerhalb der Gruppe hinweist. Die mittlere Punktzahl von -0.14 spiegelt eine leicht kritische Tendenz wider, was auf gewisse Vorbehalte in der Bewertung hindeutet, ohne dass das Projekt insgesamt abgelehnt wird. In den Kommentaren wird das Thema der nonverbalen Performance als spannend und inklusiv wahrgenommen, insbesondere im Hinblick auf Kultur in der Oeffentlichkeit, Mut zur Ueberraschung, Erleben und Lernen sowie Kultur fuer Personenvielfalt. Positiv hervorgehoben werden die Moeglichkeiten, Menschen jeden Alters durch Musik, Bewegung und Emotion zu erreichen. Kritisch angemerkt werden hingegen das Fehlen eines geplanten Austauschs im Anschluss an die Performance, persoenliche Distanz zum Projekt („ich werde nicht warm mit dem Projekt…“) sowie Fragen zur Verhaeltnismaessigkeit der Lohnkosten fuer eine Einzeltänzerin und zur Eintrittsgestaltung. Insgesamt ueberwiegt eine sachlich-positive Grundhaltung, die das Potential des Projekts fuer oeffentliche, vielfaeltige Kulturformate anerkennt, waehrend organisatorische und finanzielle Aspekte teilweise skeptisch betrachtet werden.","The quantitative data indicate a generally rather positive assessment: 4 out of 7 people support the project, which reflects a solid level of approval within the group. The mean score of -0.14 suggests a slightly critical tendency, pointing to some reservations without an overall rejection of the project. In the comments, the theme of the nonverbal performance is perceived as exciting and inclusive, especially with regard to culture in public spaces, openness to surprise, experience and learning, and cultural offerings for a diverse audience. Reviewers highlight positively that people of all ages can be reached through music, movement, and emotion. Critical points include the lack of a planned discussion or exchange after the performance, a personal sense of distance from the project (""I do not really connect with it""), and concerns about the proportionality of personnel costs for a solo dancer and about ticket pricing. Overall, the tone is factually positive, recognizing the project’s potential for public, diversity‑oriented cultural formats, while remaining somewhat skeptical regarding organizational and financial aspects.","Resultat für 'rooting for me, for you' (030): Das Projekt wurde vom MFE nid finanziert. Di 4 Supporter hend zäme es Budget vo 0.00 CHF ghaa, das het nid glangt für d nötige 8000 CHF.","Outcome for 'rooting for me, for you' (030): The project was not funded by MES. Its 4 supporters had a combined budget of 0.00 CHF, which was not enough to cover 8000 CHF.",0,4,1,2
16,17,031,Rampensau,15000,4,3,-0.143,,No,No,Agree,"Rampensau hat bei 3 von 7 Beteiligten spürbare Unterstützung gefunden, insbesondere weil es als mutige Startrampe für Newcomer-Künstlerinnen und -Künstler wahrgenommen wurde, auch wenn einzelne Kommentare Fragen zu Tonalität und wertschätzendem Rahmen aufgeworfen haben. Trotz dieser klaren Resonanz in der Gruppe konnte das Projekt aufgrund des begrenzten Gesamtbudgets und anderer Prioritäten dieses Mal leider nicht realisiert werden.","Rampensau gained clear support from 3 out of 7 participants, especially as a bold launchpad for newcomer artists, even though some comments raised questions about the tone and how a respectful, safe setting would be ensured. Despite this clear resonance within the group, the project unfortunately could not be realized this time due to the limited overall budget and other priorities.","Die quantitativen Bewertungen zeigen eine gemischte, tendenziell leicht kritische Einschätzung: Nur 3 von 7 Stimmberechtigten unterstützen das Projekt, und der mittlere Score von -0.14 deutet auf eine eher verhaltene bis leicht negative Gesamtbewertung hin. Positiv hervorgehoben werden der Mut zur Überraschung sowie das Potenzial zum Erfahren, Erleben, Anregen und Lernen; das Projekt wird als Startrampe für Newcomer-Künstlerinnen und -Künstler gesehen, mit einem plausibel begründeten Budget. Kritisch hinterfragt wird jedoch, inwiefern tatsächlich ein wertvoller Austausch stattfindet, da Feedback nicht automatisch als Austausch verstanden wird. Zudem gibt es Vorbehalte gegenüber der Formulierung zum Gefühlszustand 2 („Das war wirklich schwach, hahaha“) und der Frage, ob ein sicherer, wertschätzender Rahmen für alle Auftretenden gewährleistet ist. Einzelne Stimmen empfinden das Projekt als zu professionell/teuer im Verhältnis zu den Eintrittspreisen und regen gegebenenfalls eine Reduktion der Förderung an.","The quantitative assessments indicate a mixed, slightly critical overall impression: Only 3 out of 7 voters support the project, and the mean score of -0.14 points to a rather reserved to slightly negative overall evaluation. On the positive side, voters highlight the courage to surprise and the potential for experiencing, stimulating and learning, and the project is seen as a launch platform for newcomer artists with a plausibly argued budget. However, it is questioned how far it truly offers valuable exchange, since feedback is not necessarily the same as dialogue. There are also concerns about the wording for emotional state 2 (“That was really weak, hahaha”) and whether a safe and appreciative environment is guaranteed for all performers. Some perceive the project as too professional/expensive relative to ticket income and suggest possibly reducing the level of funding.","Ergebnis fuer 'Rampensau' (031): Das Projekt wurde nicht vom MES finanziert. Seine 3 Unterstuetzer hatten zusammen ein Budget von 4534.25 CHF, was nicht ausreichte, um die erforderlichen 15000 CHF zu decken.","Outcome for 'Rampensau' (031): The project was not funded by MES. Its 3 supporters had a combined budget of 4534.25 CHF, which was not enough to cover the required 15000 CHF.",1,2,3,1
17,20,089,Winterthurer Druckwoche,15000,4,3,-0.286,,No,No,Agree,"Die Winterthurer Druckwoche hat bei einem Teil der Community Interesse geweckt, insbesondere weil sie einen Einblick in eine analoge Drucktechnik bietet und damit Erfahrung, Erlebnis und Lernen verbindet. Trotz dieser Unterstützung und der Wertschätzung als eines der wenigen verbliebenen Print-Projekte konnte das Vorhaben aufgrund des verfügbaren Gesamtbudgets und anderer Prioritäten diesmal leider nicht umgesetzt werden.","The Winterthur Print Week resonated with part of the community, especially because it offered insight into analogue printing techniques and combined experience, discovery, and learning. Despite this support and the appreciation for it as one of the few remaining print-focused projects, it unfortunately could not be realized this time due to the limited overall budget and other priorities.","Die Winterthurer Druckwoche erreicht mit 3 von 7 Stimmen einen moderaten Rückhalt in der Gruppe. Die durchschnittliche Bewertung von -0.29 weist auf eine eher verhaltene Gesamtresonanz hin. Inhaltlich wird positiv hervorgehoben, dass das Atelier seine Türen öffnet, Einblicke in die Druckarbeit gewährt und Lernen, Erfahren und Erleben einer speziellen Drucktechnik ermoeglicht. Das Projekt wird zudem als wertvolles, selten gewordenes Print-Projekt wahrgenommen und wirkt professionell. Kritisch angemerkt werden die hohe Spezifizitaet des Angebots, persoenlich fehlende Anknuepfungspunkte („spricht mich nicht so an“), hohe Materialkosten sowie das aus Sicht einzelner Personen zu geringe Potenzial in den Bereichen „Mut zur Ueberraschung“, „Kultur in der Oeffentlichkeit“ und „Starke Gemeinschaft durch Austausch“. Insgesamt zeigt sich ein sachlich interessiertes, aber nicht begeistertes Stimmungsbild mit anerkanntem fachlichen Wert, jedoch begrenzter Breitenwirkung.","The Winterthur Print Week achieves a moderate level of support with 3 out of 7 votes. The mean score of -0.29 indicates a rather restrained overall response. On the positive side, participants value that the studio opens its doors, offers insight into printmaking work, and enables learning, experiencing, and deepening a specific printing technique. The project is also perceived as a rare remaining print initiative and comes across as professional. Critical remarks point to the high specificity of the offer, a lack of personal appeal for some (“does not really speak to me”), high material costs, and—according to some—limited potential regarding “courage to surprise”, “culture in public space”, and “strong community through exchange”. Overall, the sentiment is one of factual interest and recognition of professional quality, but without broad enthusiasm.","Das Projekt «Winterthurer Druckwoche» (089) wurde nicht vom MES finanziert. Die 3 Unterstuetzer hatten zusammen ein Budget von 2779.25 CHF, was nicht genug war, um die beantragten 15000 CHF zu decken.","The project “Winterthurer Druckwoche” (089) was not funded by MES. Its 3 supporters had a combined budget of 2,779.25 CHF, which was not enough to cover the requested 15,000 CHF.",1,2,2,2
18,19,090,Charo – Kenya-Tag Winterthur ,25486,4,3,-0.286,,No,No,Agree,"Charo – Kenya-Tag Winterthur het mit 3 vo 7 Stimmene öppis i de Gruppe usglöst, will dr Tag villfältigi Einblicke, Sinneserfahrige und Brück zue verschiedene Läbenswält biete wollt. Trotz dere spürbare Unterstützig hät s Projekt aber leider die Zert nid cha realisiert werde, wäge em beschränkte Gesamtbudget und andere Prioritäte bim Vergäbigsprozess.","Charo – Kenya Day Winterthur touched several people in the group, with 3 out of 7 voters appreciating its diverse experiences, sensory impressions and bridges between different ways of life. Despite this visible support, the project unfortunately could not be realized this time due to the limited overall budget and other funding priorities.","Die quantitative Bewertung faellt gemischt aus: 3 von 7 Jurymitgliedern unterstuetzen das Projekt, waehrend der Mittelwert der Bewertungen mit -0.29 leicht negativ ist. In den Rueckmeldungen werden insbesondere die Aspekte ""Kultur in der Oeffentlichkeit"", Gemeinschaft durch Austausch, Vielfalt der Angebote und das Ermoeglichen von niederschwelliger Teilhabe positiv hervorgehoben. Das Projekt wird als vielseitig beschrieben, das Einblicke in andere Lebenswelten bietet und verschiedene Sinne anspricht. Kritisch angemerkt werden ein als hoch wahrgenommenes Budget sowie unklare bzw. schwer lesbare Budgetdetails, ausserdem wird das Projekt vereinzelt als zu spezifisch bzw. zu vage und zu teuer beurteilt. Insgesamt zeigt sich damit ein ambivalentes Stimmungsbild mit klar erkennbaren inhaltlichen Stärken, aber auch finanziellen und konzeptionellen Vorbehalten.","The quantitative assessment is mixed: 3 out of 7 panel members support the project, while the average score of -0.29 is slightly negative. In the feedback, positive emphasis is placed on aspects such as ""culture in public space"", community building through exchange, the variety of activities, and the low-threshold participation options. The project is described as diverse, offering insights into other life worlds and addressing multiple senses. Critical remarks concern a budget perceived as high and budget details that are unclear or hard to read; additionally, the project is sometimes seen as too specific or, conversely, too vague and too expensive. Overall, the sentiment is ambivalent, with clear thematic strengths but also reservations about financial and conceptual aspects.","Das Projekt 'Charo – Kenya-Tag Winterthur' (090) wurde nid vom MES finanziert. D 3 Supporter hend zäme 4534.25 CHF z Verfüegig gha, das isch z wenig im Verglich zu de nötige 25486 CHF.","'Charo – Kenya-Tag Winterthur' (090) was not funded by MES. Its 3 supporters had a combined budget of 4,534.25 CHF, which was not enough to cover the required 25,486 CHF.",1,2,2,2
19,16,092,Mitmachen,7000,4,3,-0.143,,No,No,Agree,"Das Projekt «Mitmachen» hat bei fast der Hälfte der beteiligten Personen Anklang gefunden und wurde besonders dafür geschätzt, dass es Gemeinschaft stärkt, kulturelle Teilhabe erleichtert und vielfältige Menschen ins Theater einbindet – auch wenn einzelne Fragen zum Format und zur Reichweite der Workshops offenblieben. Trotz dieser spürbaren Unterstützung konnte das Projekt aufgrund des begrenzten Gesamtbudgets und anderer Prioritäten dieses Mal leider nicht realisiert werden.","The project «Mitmachen» resonated with almost half of the participants and was especially valued for strengthening community, making cultural participation easier, and including diverse people in theatre, even though some questions about the workshop format and reach remained. Despite this clear support, the project unfortunately could not be realized this time due to the limited overall budget and other priorities.","Die Unterstützung für das Projekt ist mit 3 von 7 Stimmen moderat, die Durchschnittsbewertung leicht negativ (−0.14). Inhaltlich werden positive Aspekte wie eine starke Gemeinschaft durch Austausch, gemeinsames Erfahren, Erleben, Anregen und Lernen sowie Kultur für eine diverse Bevölkerung betont. Gleichzeitig äussern einige Stimmberechtigte Zweifel an der konkreten Ausgestaltung: Die Schwelle zum Theaterbesuch werde zwar grundsätzlich gesenkt, aber es wird infrage gestellt, ob Workshops im Theater tatsächlich neue Zielgruppen erreichen oder eher bereits theateraffines Publikum anziehen. Kritisch erwähnt werden zudem eingeschränkte Teilnahmemöglichkeiten für Kinder, die starke Spezialisierung (Nutzen nur für Teilnehmende) und der fehlende öffentliche Mehrwert etwa über eine Ausstellung. Insgesamt ergibt sich ein gemischtes Stimmungsbild: inhaltlich werden Zielsetzung und Grundidee als sinnvoll wahrgenommen, während die praktische Reichweite und Offenheit des Formats skeptisch beurteilt werden.","Support for the project is moderate, with 3 out of 7 voters in favor and a slightly negative mean score (−0.14). Substantively, positive aspects are highlighted, such as building a strong community through exchange, shared experiences, inspiration and learning, and promoting culture for a diverse population. At the same time, some voters express doubts about the concrete design: while opening up the theater generally lowers the barrier to attending, it is questioned whether workshops held at the theater truly reach new audiences or mainly attract people already familiar with theater. Further criticism concerns limited participation opportunities for children, the strong specificity of the offer (benefits only for direct participants), and the lack of broader public impact, for example via exhibitions. Overall, the sentiment is mixed: the underlying goals and idea are seen as meaningful, but the practical reach and openness of the format are viewed with skepticism.",Ergebnis für «Mitmachen» (092): Das Projekt wurde nicht vom MES finanziert. Die 3 Unterstuetzer hatten zusammen ein Budget von 0.00 CHF und konnten damit die erforderlichen 7000 CHF nicht decken.,"Outcome for 'Mitmachen' (092): The project was not funded by MES. Its 3 supporters had a combined budget of 0.00 CHF, which was not enough to cover the required 7000 CHF.",1,2,3,1
20,3,067,Inklusive Trommelgruppe mit Gebärdensprache-Übersetzung ,12400,7,6,0.857,,No,Yes,Disagree,"Dieses mutige und spielerisch inklusive Projekt hat mit 6 von 7 Stimmen einen sehr starken Rueckhalt in der Gemeinschaft gefunden, weil es Vielfalt, Austausch und gemeinsames Erleben auf besondere Weise verbindet. Trotz seiner vielen Unterstuetzerinnen und Unterstuetzer konnte das Projekt dieses Mal aufgrund des begrenzten Gesamtbudgets und anderer Prioritaeten leider nicht realisiert werden.","This bold and playfully inclusive project received very strong community support, with 6 out of 7 people backing it because it beautifully combines diversity, exchange, and shared experiences. Despite its many supporters, the project unfortunately could not be realized this time due to the limited overall budget and other priorities.","Die Zustimmung zum Projekt ist mit 6 von 7 Stimmen sehr hoch und fast einstimmig. Die Kommentare betonen eine starke Gemeinschaft durch Austausch, spielerische Inklusion und die Förderung von Personenvielfalt. Das Konzept wird als mutig und innovativ wahrgenommen, da es einen grossen Austausch zwischen sehr unterschiedlichen Menschen ermöglicht und viele Bereiche des Förderkompasses abdeckt (insbesondere Personenvielfalt, Gemeinschaft durch Austausch sowie Erfahren und Erleben). Das Budget wird als plausibel eingeschätzt, es gibt lediglich den Hinweis auf eine mögliche Reduktion um 20 %. Insgesamt ist die Stimmung deutlich positiv und unterstützend.","Support for the project is very high and nearly unanimous, with 6 out of 7 votes in favor. Comments highlight strong community building through exchange, playful inclusion, and the promotion of diversity. The concept is seen as bold and innovative, enabling broad interaction among very different groups and covering many dimensions of the funding compass (especially diversity of persons, community through exchange, and experiences). The budget is considered plausible, with only a suggestion of a possible 20% reduction. Overall, the sentiment is clearly positive and supportive.","Das Projekt ""Inklusive Trommelgruppe mit Gebaerdensprache-Uebersetzung"" (067) wurde von MES nicht gefoerdert. Die 6 Unterstuetzer hatten zusammen ein Budget von 10'473.00 CHF, was nicht ausreichte, um die Kosten von 12'400.00 CHF zu decken.","The project ""Inclusive Drum Group with Sign Language Interpretation"" (067) was not funded by MES. Its 6 supporters had a combined budget of 10,473.00 CHF, which was not enough to cover the 12,400.00 CHF needed.",1,5,1,0
21,24,017,Der Sound einer Stadt: Ein literarisch-intime Geschichtensammelaktion über die Musikstadt Winterthur,8900,3,2,-0.571,,No,No,Agree,"Dieses Projekt hat bei einem Teil der Community spürbar Anklang gefunden, insbesondere weil es viele Punkte des Förderkompasses wie Gemeinschaft, Austausch und Kultur in der Öffentlichkeit berührt und mit seiner Idee von intimen Musikgeschichten aus Winterthur neugierig macht. Trotz dieser Unterstützung und des erkennbaren Potenzials konnte das Projekt aufgrund des fehlenden Budgets und anderer Prioritäten dieses Mal leider nicht realisiert werden.","This project clearly resonated with part of the community, especially because it reflects many elements of the funding compass such as community, exchange, and culture in public space, and its idea of intimate music stories from Winterthur sparked curiosity. Despite this support and its evident potential, the project unfortunately could not be realized this time due to the lack of budget and other funding priorities.","Die Zustimmung zu diesem Projekt ist mit 2 von 7 Stimmen eher gering, was sich auch in der negativen Durchschnittsbewertung (−0.57) widerspiegelt. Inhaltlich werden jedoch mehrere Punkte des Förderkompasses als klar erfüllt gesehen: Kultur in der Öffentlichkeit, Förderung einer starken Gemeinschaft durch Austausch, Mut zur Überraschung sowie Aspekte von Erfahren, Erleben, Anregen und Lernen und Kultur für eine diverse Öffentlichkeit. Ein Kommentar hebt das Projekt als spannend hervor, insbesondere die Interviews mit Menschen in Winterthur und die entstehenden Tonaufnahmen. Zugleich zeigen andere Stimmen Distanz („nicht mein Fall“) und formulieren Zweifel daran, wer konkret angesprochen wird und ob das Umsetzungskonzept ausreichend klar ist. Insgesamt: inhaltlich gut anschlussfähig an den Förderkompass, aber bei den Abstimmenden mehrheitlich zurückhaltend aufgenommen, mit Kritik an Relevanz und Konkretheit der Umsetzung.","Support for this project is rather low, with 2 out of 7 voters in favor, which is also reflected in the negative mean score (−0.57). Substantively, several funding compass criteria are perceived as clearly fulfilled: culture in public space, strengthening community through exchange, openness to surprise, as well as experiencing, inspiring, learning, and culture for a diverse audience. One comment describes the project as exciting, especially the interviews with people in Winterthur and the emerging sound recordings. At the same time, other voices remain distant (“not my cup of tea”) and raise doubts about who is actually being addressed and whether the implementation concept is concrete enough. Overall: thematically well aligned with the funding compass, but received rather cautiously by the majority of voters, with criticism focusing on relevance and clarity of implementation.",Das Projekt «Der Sound einer Stadt: Ein literarisch-intime Geschichtensammelaktion über die Musikstadt Winterthur» (017) wurde von MES nicht unterstuetzt. Die 2 Supporter hatten zusammen ein Budget von 0.00 CHF und konnten damit die erforderlichen 8’900 CHF nicht decken.,"The project “Der Sound einer Stadt: Ein literarisch-intime Geschichtensammelaktion über die Musikstadt Winterthur” (017) was not funded by MES. Its 2 supporters had a combined budget of 0.00 CHF, which was not enough to cover the required 8,900 CHF.",1,1,3,2
22,22,136,CREAcTION,40000,3,3,-0.429,,No,No,Agree,"CREAcTION hat in der Community spürbar Anklang gefunden: 3 von 7 Personen unterstützten das Projekt, hoben seinen sinnstiftenden, präventiven Charakter sowie den Beitrag zu Kultur im öffentlichen Raum hervor, stellten aber auch Fragen zur Abgrenzung von Kultur und Therapie und zur Höhe des Budgets. Trotz dieser wertschätzenden Rückmeldungen und der klaren inhaltlichen Unterstützung konnte das Projekt aufgrund des begrenzten Gesamtbudgets und anderer Prioritäten dieses Mal leider nicht realisiert werden.","CREAcTION clearly resonated within the community: 3 out of 7 people supported the project, appreciating its meaningful, preventive approach and its contribution to culture in public spaces, while also raising questions about the line between culture and therapy and about the size of the budget. Despite this heartfelt backing and the strong support for its core idea, the project unfortunately could not be realized this time due to the limited overall budget and other priorities.","Von 7 Stimmen entfallen 3 auf Unterstützung, was auf ein eher geteiltes, aber nicht schwaches Stimmungsbild hinweist. In den Kommentaren wird das Projekt als sinnstiftend, gesellschaftlich nutzbringend und mit starkem präventivem Charakter beschrieben; der Aspekt einer starken Gemeinschaft und kulturellen Förderung von Personenvielfalt wird positiv hervorgehoben. Kritisch diskutiert werden die Abgrenzung zwischen Kulturprojekt und therapeutischem Ansatz (Suchtprävention, Anleitung zur Verhaltensänderung) sowie die Frage, wie stark auch andere Personen ausser den Jugendlichen in einen kulturellen Austausch einbezogen werden. Zudem wird das beantragte Budget von 40'000 CHF als eher hoch bewertet; es werden Kürzungen um etwa 20 % beziehungsweise ein Rahmen von 10'000–20'000 CHF als ausreichend erachtet. Insgesamt: positive Grundhaltung zum Inhalt und Nutzen, bei gleichzeitig deutlichen Vorbehalten bezüglich Budgethöhe und therapeutischer Komponente.","Out of 7 votes, 3 are in favor, indicating a rather divided but not weak overall sentiment. Comments describe the project as meaningful, socially beneficial, and strongly preventive; the aim of fostering community and cultural diversity is seen positively. Critical remarks focus on the boundary between cultural project and therapeutic intervention (addiction prevention and guidance towards behavioral change), as well as on how and whether people beyond the target group of adolescents can be involved in cultural exchange. The requested budget of CHF 40,000 is viewed as relatively high; reductions of about 20% or a total in the range of CHF 10,000–20,000 are suggested as sufficient. Overall: a generally positive view of the project’s content and social value, combined with clear concerns about the budget level and the therapeutic character of the approach.","Ergebnis für 'CREAcTION' (136): Das Projekt wurde vom SBFI nicht finanziert. Seine 3 Unterstuetzer verfuegten zusammen ueber ein Budget von 7313.50 CHF, was nicht ausreichte, um die erforderlichen 40000 CHF zu decken.","Outcome for 'CREAcTION' (136): The project was not funded by SERI. Its 3 supporters had a combined budget of 7,313.50 CHF, which was not enough to cover the required 40,000 CHF.",0,3,2,2
23,15,007,SubRock,7000,5,4,0.143,,No,No,Agree,"SubRock hat bei 4 von 7 Beteiligten spürbar Anklang gefunden, besonders wegen der inklusiven Idee mit Blindenschrift-Flyern und dem Potenzial für gemeinsame Konzerterlebnisse, auch wenn sich einige noch etwas mehr Profil oder Reduktion auf weniger Auftritte gewünscht haetten. Trotz seiner vielen Unterstuetzer konnte das Projekt aufgrund des begrenzten Gesamtbudgets und anderer Prioritaeten dieses Mal leider nicht realisiert werden.","SubRock clearly resonated with 4 out of 7 participants, especially through its inclusive idea of Braille flyers and the potential for shared concert experiences, even if some people wished for a slightly sharper profile or fewer concerts. Despite its many supporters, the project unfortunately could not be realized this time due to the limited overall budget and other priorities.","Das Projekt SubRock (007) erhaelt mit 4 von 7 Stimmen eine solide Mehrheit und damit eine klar positive Gesamtbewertung. Der mittlere Score von 0.14 ist zwar eher verhalten, steht aber der grundsaetzlichen Unterstuetzung nicht entgegen. Inhaltlich wird positiv hervorgehoben, dass das Projekt gut zu den Zielen des Foerderkompasses passt (Erfahren, Erleben, Anregen, Lernen; Kultur fuer Personenvielfalt) und mit Elementen wie gedruckten Flyern in Blindenschrift klare Inklusionsaspekte setzt. Kritisch wird angemerkt, dass der Austausch zwischen den Menschen nicht explizit im Konzept benannt ist und aehnliche Kulturprojekte teilweise staerker ueberzeugen. Insgesamt ueberwiegt jedoch die Zustimmung, und der Vorschlag, selbst bei einer leichten Reduktion der Unterstuetzung noch mehrere Konzerte zu ermoeglichen, zeigt eine eher konstruktiv-positive Haltung zum Projekt.","The SubRock (007) project receives a solid majority with 4 out of 7 votes, indicating an overall positive assessment. The mean score of 0.14 is somewhat reserved, but does not contradict the basic support. Commenters highlight that the project aligns well with the funding compass goals (experience, participation, stimulation, learning; culture for diverse audiences) and emphasize inclusive elements such as printed flyers in braille. Some criticism notes that interpersonal exchange is not explicitly described in the concept and that comparable cultural projects can sometimes appear more convincing. Overall, however, support clearly dominates, and the idea of still enabling several concerts even with slightly reduced funding reflects a broadly constructive and positive attitude toward the project.",Ergebnis für 'SubRock' (007): Das Projekt wurde nicht vom MES finanziert. Seine 4 Unterstuetzer hatten zusammen ein Budget von 0.00 CHF und konnten damit die erforderlichen 7000 CHF nicht decken.,"Outcome for 'SubRock' (007): The project was not funded by MES. Its 4 supporters had a combined budget of 0.00 CHF, which was not enough to cover the required 7000 CHF.",1,3,2,1
24,25,018,Wald verbindet: Vielfalt erleben im Waldbad,1820,3,2,-0.714,,No,No,Agree,"Zwei von sieben Personen haben das Projekt „Wald verbindet: Vielfalt erleben im Waldbad“ unterstuetzt und besonders geschaetzt, wie es Gemeinschaft, Erleben und kulturelle Vielfalt im oeffentlichen Raum verbindet – viele Foerderkompass-Kriterien wurden damit sehr schoen aufgegriffen. Trotz dieser Unterstuetzung und der erkennbaren inhaltlichen Qualitaeten konnte das Projekt aufgrund des begrenzten Gesamtbudgets und anderer Prioritaeten dieses Mal leider nicht realisiert werden.","Two out of seven people supported the project ‘Wald verbindet: Vielfalt erleben im Waldbad’ and especially appreciated how it connects community, shared experiences, and cultural diversity in public space, reflecting many of the funding compass criteria in a meaningful way. Despite this support and its clear strengths, the project unfortunately could not be realized this time due to the limited overall budget and other priorities.","Die quantitativen Werte zeigen mit 2 von 7 Stimmen eine eher geringe Zustimmung, was sich auch im negativen Durchschnittsscore (-0.71) widerspiegelt. In den Kommentaren wird positiv hervorgehoben, dass das Projekt viele Punkte des Förderkompasses abdeckt (Kultur in der Öffentlichkeit, starke Gemeinschaft, Erfahren/Erleben/Lernen, Kultur für verschiedene Personengruppen) und mit wenig Aufwand vom Kulturkomitee umsetzbar erscheint. Kritisch wird angemerkt, dass das Projekt zu spezifisch auf eine Einzelperson bzw. eine begrenzte Teilnehmendengruppe zugeschnitten sei und keine breitere Wirkung etwa durch Ausstellungen entfalte. Insgesamt ist die Stimmung gemischt bis eher kritisch, bei klar erkannten inhaltlichen Stärken im Hinblick auf den Förderkompass, aber Bedenken zur Reichweite und Zielgruppengrösse.","The quantitative data indicate rather low approval, with 2 out of 7 votes in support and a negative mean score (-0.71). In the comments, respondents positively note that the project addresses many aspects of the funding compass (culture in public space, strong community through exchange, experiencing/learning, cultural inclusion of diverse groups) and appears easy to implement with a small effort from the culture committee. Criticisms focus on the project being too specific to an individual or a small group of participants, with limited broader impact, for example due to the lack of public exhibitions. Overall, sentiment is mixed to somewhat critical: the project is recognised as thematically well aligned with the funding compass, but there are concerns about its reach and the narrow target group.","Das Projekt ""Wald verbindet: Vielfalt erleben im Waldbad"" (018) wurde nicht durch MES finanziert. Die zwei Unterstuetzer stellten zusammen 473.00 CHF zur Verfuegung, was nicht ausreichte, um das Budget von 1820.00 CHF zu decken.","The project ""Wald verbindet: Vielfalt erleben im Waldbad"" (018) was not funded by MES. Its two supporters provided a combined budget of 473.00 CHF, which was insufficient to cover the required 1820.00 CHF.",1,1,2,3
25,23,116,"Boomerang ""alles kommt zurück""",9600,2,2,-0.571,,No,No,Agree,"Das Projekt «Boomerang 'alles kommt zurück'» hat mit 2 von 7 Stimmen vor allem durch seinen interaktiven und mutigen Ansatz sowie die Idee der öffentlichen Mitgestaltung und des Austauschs Anklang gefunden, auch wenn Fragen zu Inklusion, Zugänglichkeit und zur konkreten Umsetzung offenblieben. Trotz dieser Unterstützung aus der Gemeinschaft konnte das Projekt aufgrund des begrenzten Gesamtbudgets und anderer Prioritäten diesmal leider nicht realisiert werden.","The project “Boomerang 'alles kommt zurück'” resonated with 2 out of 7 voters, especially through its interactive and bold concept and the idea that the public could help shape the theatre piece, even though questions about inclusion, accessibility and the concrete process remained. Despite this support from the community, the project unfortunately could not be realized this time due to the limited overall budget and other priorities.","Die Zustimmung zum Projekt ist mit 2 von 7 Stimmen eher gering. Der durchschnittliche Score von -0.57 weist insgesamt auf eine eher skeptische Bewertung hin. Positiv hervorgehoben werden der interaktive und mutige Ansatz sowie die Idee, dass die Öffentlichkeit Einfluss auf die Entstehung des Theaterstücks hat, was Partizipation und Austausch foerdert. Kritisch hinterfragt werden jedoch die mangelnde Inklusion (insbesondere fuer Kinder aufgrund der Abendzeiten und fuer gehoerlose Menschen), die Zugänglichkeit (man trifft nicht zufällig auf das Projekt) sowie Unklarheiten zu Ablauf und Wirkung der Interaktion (Wieviele Lesungen? Was kommt wie zurück?). Zudem werden die beantragten 9'600 CHF und deren Verhaeltnis zur Eigenleistung der Autor*innen kritisch kommentiert.","Support for the project is relatively low, with 2 out of 7 voters in favor. The mean score of -0.57 indicates an overall rather skeptical assessment. On the positive side, the project is described as interactive and bold, and the idea that the public can influence the creation of the theatre piece is seen as fostering participation and exchange. However, several concerns are raised: lack of inclusion (especially for children due to evening scheduling and for deaf people), limited accessibility (people do not encounter the project by chance), and unclear aspects of the process and impact of the interaction (How many readings? What exactly comes back, and how?). In addition, the requested CHF 9,600 and their relation to the authors’ own contribution are viewed critically.",Ergebnis für «Boomerang 'alles kommt zurück'» (116): Das Projekt wurde NICHT vom MES finanziert. Seine 2 Unterstuetzer hatten zusammen ein Budget von 0.00 CHF und konnten damit die erforderlichen 9600 CHF nicht decken.,"Outcome for 'Boomerang ""alles kommt zurück""' (116): The project was NOT funded by MES. Its 2 supporters had a combined budget of 0.00 CHF, which was not enough to cover 9,600 CHF.",0,2,4,1
26,27,076,BLIND DATE mit dem Tod - Eine Talkshow,29700,1,1,-1.286,,No,No,Agree,"Eine Person aus der Gemeinschaft hat sich klar hinter «BLIND DATE mit dem Tod – Eine Talkshow» gestellt und besonders den mutigen, humorvollen Umgang mit einem wichtigen Tabuthema geschätzt, auch wenn Fragen zu Prominentengagen, Kosten und der Möglichkeit für echten Austausch offenblieben. Trotz dieser wertschätzenden Unterstützung konnte das Projekt wegen des grossen Finanzierungsbedarfs und anderer Prioritäten im Gesamtbudget leider nicht umgesetzt werden.","One person from the community clearly stood behind “BLIND DATE mit dem Tod – Eine Talkshow” and especially valued its bold, humorous approach to an important taboo topic, even though questions about fees for celebrities, overall costs, and the space for real exchange remained. Despite this appreciative support, the project unfortunately could not be realized this time due to the high funding requirement and other priorities within the overall budget.","Die Zustimmung fuer das Projekt ist mit 1 von 7 Stimmen insgesamt gering. Der mittlere Score von -1.29 weist eher auf eine kritische bis leicht negative Gesamtbewertung hin. Inhaltlich wird das Thema Tod als wichtig, spannend und relevant eingeschaetzt; positiv hervorgehoben werden der mutige, humorvolle Ansatz, der Gemeinschaftsaspekt durch Austausch sowie das Aufgreifen eines Tabuthemas. Gleichzeitig werden mehrere kritische Punkte genannt: Es besteht Zweifel, ob ein echter Austausch waehrend einer Show stattfinden kann (statt eher im Anschluss), und die Durchfuehrung in einem geschlossenen Raum wird hinterfragt. Deutlich stoerend empfinden mehrere Votierende die vorgesehenen Gagen fuer prominente Gaeste; das Projekt wird als teuer fuer einen einzelnen Abend wahrgenommen und als zu stark auf eine Einzelperson bzw. Prominenz fokussiert. Insgesamt: inhaltlich als relevant und spannend angesehen, formal und finanziell jedoch klar umstritten.","Support for the project is low overall, with 1 out of 7 voters in favor. The mean score of -1.29 indicates a rather critical to slightly negative overall assessment. Substantively, the topic of death is considered important, exciting, and relevant; the bold and humorous approach, the community-building aspect through exchange, and the tackling of a taboo subject are seen as positives. At the same time, several critical points are raised: there is doubt as to whether genuine exchange can really take place during a show (rather than afterwards), and the fact that the project takes place in a closed indoor setting is questioned. Multiple voters are clearly bothered by the planned fees for the celebrity guest(s); the project is perceived as expensive for a single evening and as too focused on one individual or on celebrity. Overall: the content is viewed as relevant and intriguing, but the format and, especially, the financial setup are clearly contested.","Das Projekt «BLIND DATE mit dem Tod - Eine Talkshow» (076) wurde von der MES nicht unterstuetzt. Die einzige unterstuetzende Person verfuegte zusammen ueber ein Budget von 473.00 CHF, was nicht ausreichte, um die erforderlichen 29 700 CHF zu decken.","The project “BLIND DATE mit dem Tod - Eine Talkshow” (076) was not funded by MES. Its single supporter had a combined budget of 473.00 CHF, which was not enough to cover the required 29,700 CHF.",0,1,2,4
27,26,124,Bild reagiert auf Gedicht,7600,1,1,-1.286,,No,No,Agree,"Das Projekt hat bei einer Person im Kreis eine echte Resonanz ausgelöst, besonders wegen seiner mutigen, anregenden Art und dem Potenzial für Austausch, gleichzeitig gab es aber auch Fragen zur Zugänglichkeit und zur konkreten Umsetzung. Auch wenn es engagierte Unterstützung gab, konnte das Vorhaben mit dem vorhandenen Budget und im Vergleich zu anderen Prioritäten dieses Mal leider nicht realisiert werden.","The project truly resonated with one person in the group, especially for its bold, inspiring character and its potential to spark exchange, while there were also questions about accessibility and how it would be implemented in practice. Even though it had committed support, the project unfortunately could not be realized this time given the available budget and other priorities.","Die Zustimmung zum Projekt ist mit 1 von 7 Stimmen sehr gering und spiegelt sich auch im negativen Durchschnittswert von -1.29 wider. Inhaltlich wird das Projekt von einzelnen positiv als mutig, anregend und den Austausch foerdernd beschrieben. Zugleich werden deutliche Kritikpunkte geaeussert: fehlende Zugänglichkeit insbesondere fuer Menschen mit Sehbehinderung, eine zu vage Projektbeschreibung (wo, wann, wie), Unklarheit bezueglich Publikum und Interaktion sowie eine insgesamt geringe inhaltliche Ansprechbarkeit.","Support for the project is very low at 1 out of 7 votes and is reflected in the negative mean score of -1.29. Some individual comments are positive, describing the project as bold, stimulating and conducive to exchange. At the same time, there are clear points of criticism: lack of accessibility, especially for people with visual impairments, a project description that is perceived as too vague (where, when, how), unclear definition of audience and interaction, and an overall low level of content-related appeal.","Das Projekt 'Bild reagiert auf Gedicht' (124) wurde vom MES nicht finanziert. Die eine unterstuetzende Person hatte zusammen ein Budget von 0.00 CHF, was nicht ausreichte, um die erforderlichen 7600 CHF zu decken.","'Bild reagiert auf Gedicht' (124) was not funded by MES. Its 1 supporter had a combined budget of 0.00 CHF, which was not enough to cover the required 7600 CHF.",0,1,2,4
